"Message",Low,"Der Buildvorgang wurde gestartet."
"Message",Low,"Projekt ""Unnamed_1"" (Standardziele):"
"Message",Low,"Erstellung mit der Toolsversion 4.0."
"Message",Low,"Ziel ""PrintILCStartMessage"" in Datei ""C:\Program Files (x86)\MSBuild\Microsoft\.NetNative\x86\ilc\IlcInternals.targets"" aus Projekt ""D:\UnityProjects\hololensdev\projectIR\App\KHL_TxRx\Unnamed_1"" (Ziel ""Build"" ist davon abhängig):"
"Message",Low,"Die IlcMessageTask-Aufgabe aus der C:\Program Files (x86)\MSBuild\Microsoft\.NetNative\x86\ilc\ilc.exe-Assembly wird verwendet."
"Message",Low,"IlcMessageTask-Aufgabe"
"Message",High,"Starting .NET Native compilation"
"Message",Low,"Ausführen der IlcMessageTask-Aufgabe beendet."
"Message",Low,"Die Erstellung des Ziels ""PrintILCStartMessage"" im Projekt ""Unnamed_1"" ist abgeschlossen."
"Message",Low,"Ziel ""RunGatekeeper"" in Datei ""C:\Program Files (x86)\MSBuild\Microsoft\.NetNative\x86\ilc\IlcInternals.targets"" aus Projekt ""D:\UnityProjects\hololensdev\projectIR\App\KHL_TxRx\Unnamed_1"" (Ziel ""Build"" ist davon abhängig):"
"Message",Low,"Die WriteLinesToFile-Aufgabe aus der Microsoft.Build.Tasks.v4.0, Version=4.0.0.0, Culture=neutral, PublicKeyToken=b03f5f7f11d50a3a-Assembly wird verwendet."
"Message",Low,"WriteLinesToFile-Aufgabe"
"Message",Low,"Ausführen der WriteLinesToFile-Aufgabe beendet."
"Message",Low,"Die StartProcessTask-Aufgabe aus der Microsoft.Build.ILTasks-Assembly wird verwendet."
"Message",Low,"StartProcessTask-Aufgabe"
"Message",Normal,"Launching 'C:\Program Files (x86)\MSBuild\Microsoft\.NetNative\x86\ilc\tools\Gatekeeper.exe @""D:\UnityProjects\hololensdev\projectIR\App\KHL_TxRx\obj\x86\Master\ilc\intermediate\gkargs.rsp""'"
"Message",Low,"Microsoft (R) .NET Native Gatekeeper Version 1.0.24208.01 "
"Message",Low,"Copyright (C) Microsoft Corporation.  All rights reserved. "
"Message",Low," "
"Message",Low,"Checking assembly 'D:\UnityProjects\hololensdev\projectIR\App\KHL_TxRx\obj\x86\Master\ilc\in\Assembly-CSharp-firstpass.dll'. "
"Message",Low,"Checking assembly 'D:\UnityProjects\hololensdev\projectIR\App\KHL_TxRx\obj\x86\Master\ilc\in\Assembly-CSharp.dll'. "
"Message",Low,"Checking assembly 'D:\UnityProjects\hololensdev\projectIR\App\KHL_TxRx\obj\x86\Master\ilc\in\BridgeInterface.winmd'. "
"Message",Low,"Checking assembly 'D:\UnityProjects\hololensdev\projectIR\App\KHL_TxRx\obj\x86\Master\ilc\in\KHL_TxRx.exe'. "
"Message",Low,"Checking assembly 'D:\UnityProjects\hololensdev\projectIR\App\KHL_TxRx\obj\x86\Master\ilc\in\Microsoft.ApplicationInsights.dll'. "
"Message",Low,"Checking assembly 'D:\UnityProjects\hololensdev\projectIR\App\KHL_TxRx\obj\x86\Master\ilc\in\Microsoft.ApplicationInsights.Extensibility.Windows.dll'. "
"Message",Low,"Checking assembly 'D:\UnityProjects\hololensdev\projectIR\App\KHL_TxRx\obj\x86\Master\ilc\in\Microsoft.ApplicationInsights.PersistenceChannel.dll'. "
"Message",Low,"Checking assembly 'D:\UnityProjects\hololensdev\projectIR\App\KHL_TxRx\obj\x86\Master\ilc\in\UnityEngine.dll'. "
"Message",Low,"Checking assembly 'D:\UnityProjects\hololensdev\projectIR\App\KHL_TxRx\obj\x86\Master\ilc\in\UnityEngine.HoloLens.dll'. "
"Message",Low,"Checking assembly 'D:\UnityProjects\hololensdev\projectIR\App\KHL_TxRx\obj\x86\Master\ilc\in\UnityEngine.Networking.dll'. "
"Message",Low,"Checking assembly 'D:\UnityProjects\hololensdev\projectIR\App\KHL_TxRx\obj\x86\Master\ilc\in\UnityEngine.UI.dll'. "
"Message",Low,"Checking assembly 'D:\UnityProjects\hololensdev\projectIR\App\KHL_TxRx\obj\x86\Master\ilc\in\UnityEngine.VR.dll'. "
"Message",Low,"Checking assembly 'D:\UnityProjects\hololensdev\projectIR\App\KHL_TxRx\obj\x86\Master\ilc\in\UnityEngineDelegates.winmd'. "
"Message",Low,"Checking assembly 'D:\UnityProjects\hololensdev\projectIR\App\KHL_TxRx\obj\x86\Master\ilc\in\UnityEngineProxy.dll'. "
"Message",Low,"Checking assembly 'D:\UnityProjects\hololensdev\projectIR\App\KHL_TxRx\obj\x86\Master\ilc\in\UnityPlayer.winmd'. "
"Message",Low,"Checking assembly 'D:\UnityProjects\hololensdev\projectIR\App\KHL_TxRx\obj\x86\Master\ilc\in\WinRTBridge.winmd'. "
"Message",Low,"Checking assembly 'D:\UnityProjects\hololensdev\projectIR\App\KHL_TxRx\obj\x86\Master\ilc\in\WinRTLegacy.dll'. "
"Message",Normal,"'C:\Program Files (x86)\MSBuild\Microsoft\.NetNative\x86\ilc\tools\Gatekeeper.exe @""D:\UnityProjects\hololensdev\projectIR\App\KHL_TxRx\obj\x86\Master\ilc\intermediate\gkargs.rsp""' completed."
"Message",Normal,"Process execution statistics (all times in milliseconds)"
"Message",Normal,"-----------------------------------------------------------------------------"
"Message",Normal,"launch  |  start   |   stop   |   end    | duration | lifetime | [slot] name"
"Message",Normal,"-----------------------------------------------------------------------------"
"Message",Normal,"       0 |        0 |      343 |      343 |      343 |      343 | [0] Gatekeeper"
"Message",Normal,"Number of commands:      1"
"Message",Normal,"Total system time:       343 ms"
"Message",Normal,"System time per command: 343 ms"
"Message",Normal,"Total duration:          343 ms"
"Message",Normal,"Total lifetime:          343 ms"
"Message",Normal,"Requested DOP:           8"
"Message",Normal,"Duration DOP:            1,0"
"Message",Normal,"Lifetime DOP:            1,0"
"Message",Low,"Ausführen der StartProcessTask-Aufgabe beendet."
"Message",Low,"Die Erstellung des Ziels ""RunGatekeeper"" im Projekt ""Unnamed_1"" ist abgeschlossen."
"Message",Low,"Ziel ""LogAppContextSwitches"" in Datei ""C:\Program Files (x86)\MSBuild\Microsoft\.NetNative\x86\ilc\IlcInternals.targets"" aus Projekt ""D:\UnityProjects\hololensdev\projectIR\App\KHL_TxRx\Unnamed_1"" (Ziel ""SetMainTargetPaths"" ist davon abhängig):"
"Message",Low,"Die Message-Aufgabe aus der Microsoft.Build.Tasks.v4.0, Version=4.0.0.0, Culture=neutral, PublicKeyToken=b03f5f7f11d50a3a-Assembly wird verwendet."
"Message",Low,"Message-Aufgabe"
"Message",Normal,"AppContextSwitch: ''"
"Message",Low,"Ausführen der Message-Aufgabe beendet."
"Message",Low,"Die Erstellung des Ziels ""LogAppContextSwitches"" im Projekt ""Unnamed_1"" ist abgeschlossen."
"Message",Low,"Ziel ""SetMainTargetPaths"" in Datei ""C:\Program Files (x86)\MSBuild\Microsoft\.NetNative\x86\ilc\IlcInternals.targets"" aus Projekt ""D:\UnityProjects\hololensdev\projectIR\App\KHL_TxRx\Unnamed_1"" (Ziel ""CopyNativeExecutablesToOutput"" ist davon abhängig):"
"Message",Low,"Die Erstellung des Ziels ""SetMainTargetPaths"" im Projekt ""Unnamed_1"" ist abgeschlossen."
"Message",Low,"Das Ziel ""GenerateFakeExe"" wurde übersprungen, da die Bedingung ""false"" war . (!Exists('@(InputILTarget)')) wurde als (!Exists('D:\UnityProjects\hololensdev\projectIR\App\KHL_TxRx\obj\x86\Master\ilc\in\KHL_TxRx.exe')) ausgewertet."
"Message",Low,"Das Ziel ""InjectCoreLibTypeForwards"" wurde übersprungen, da die Bedingung ""false"" war . ('$(UseSharedAssemblies)' != 'true') wurde als ('true' != 'true') ausgewertet."
"Message",Low,"Ziel ""InjectWindowsRuntimeTypeForwards"" in Datei ""C:\Program Files (x86)\MSBuild\Microsoft\.NetNative\x86\ilc\IlcInternals.targets"" aus Projekt ""D:\UnityProjects\hololensdev\projectIR\App\KHL_TxRx\Unnamed_1"" (Ziel ""RunILTransforms"" ist davon abhängig):"
"Message",Low,"Die MakeDir-Aufgabe aus der Microsoft.Build.Tasks.v4.0, Version=4.0.0.0, Culture=neutral, PublicKeyToken=b03f5f7f11d50a3a-Assembly wird verwendet."
"Message",Low,"MakeDir-Aufgabe"
"Message",Normal,"Das Verzeichnis ""D:\UnityProjects\hololensdev\projectIR\App\KHL_TxRx\obj\x86\Master\ilc\intermediate\TransformedSRWR\"" wird erstellt."
"Message",Low,"Ausführen der MakeDir-Aufgabe beendet."
"Message",Low,"Die ILTransformTask-Aufgabe aus der Microsoft.Build.ILTasks-Assembly wird verwendet."
"Message",Low,"ILTransformTask-Aufgabe"
"Message",Normal,"Running 'InjectWindowsRuntimeTypeForwards' transform, heap at 9 MB."
"Message",Normal,"Running 'WriteAssemblies' transform, heap at 16 MB."
"Message",Normal,""
"Message",Normal,"Transform summary"
"Message",Normal,"    ms | heap delta | name"
"Message",Normal,"    47 |          7 | InjectWindowsRuntimeTypeForwards"
"Message",Normal,"    28 |          1 | WriteAssemblies"
"Message",Low,"Ausführen der ILTransformTask-Aufgabe beendet."
"Message",Low,"Die Erstellung des Ziels ""InjectWindowsRuntimeTypeForwards"" im Projekt ""Unnamed_1"" ist abgeschlossen."
"Message",Low,"Das Ziel ""InjectCoreLibTypeForwards"" wurde übersprungen, da die Bedingung ""false"" war . ('$(UseSharedAssemblies)' != 'true') wurde als ('true' != 'true') ausgewertet."
"Message",Low,"Ziel ""PreResolveTransforms"" in Datei ""C:\Program Files (x86)\MSBuild\Microsoft\.NetNative\x86\ilc\IlcInternals.targets"" aus Projekt ""D:\UnityProjects\hololensdev\projectIR\App\KHL_TxRx\Unnamed_1"" (Ziel ""RunILTransforms"" ist davon abhängig):"
"Message",Low,"Das Ziel ""PreResolveTransforms"" wird vollständig erstellt."
"Message",Low,"Die Ausgabedatei ""D:\UnityProjects\hololensdev\projectIR\App\KHL_TxRx\obj\x86\Master\ilc\intermediate\PreMergeILTransformed\KHL_TxRx.exe"" ist nicht vorhanden."
"Message",Low,"MakeDir-Aufgabe"
"Message",Normal,"Das Verzeichnis ""D:\UnityProjects\hololensdev\projectIR\App\KHL_TxRx\obj\x86\Master\ilc\intermediate\PreMergeILTransformed\"" wird erstellt."
"Message",Low,"Ausführen der MakeDir-Aufgabe beendet."
"Message",Low,"Message-Aufgabe"
"Message",Normal,"Running AssemblyClosureTask in PreResolveTransforms"
"Message",Low,"Ausführen der Message-Aufgabe beendet."
"Message",Low,"Die AssemblyClosureTask-Aufgabe aus der Microsoft.Build.ILTasks-Assembly wird verwendet."
"Message",Low,"AssemblyClosureTask-Aufgabe"
"Message",Low,"Ausführen der AssemblyClosureTask-Aufgabe beendet."
"Message",Low,"ILTransformTask-Aufgabe"
"Message",Normal,"Running 'ResolveSelfReferences' transform, heap at 16 MB."
"Message",Normal,"Running 'RemoveDuplicateMembers' transform, heap at 125 MB."
"Message",Normal,"Running 'PortableLib' transform, heap at 125 MB."
"Message",Normal,"Running 'WriteAssemblies' transform, heap at 166 MB."
"Message",Normal,""
"Message",Normal,"Transform summary"
"Message",Normal,"    ms | heap delta | name"
"Message",Normal,"  1295 |         71 | WriteAssemblies"
"Message",Normal,"  1053 |         41 | PortableLib"
"Message",Normal,"   933 |        109 | ResolveSelfReferences"
"Message",Normal,"     2 |          0 | RemoveDuplicateMembers"
"Message",Low,"Ausführen der ILTransformTask-Aufgabe beendet."
"Message",Low,"Die Copy-Aufgabe aus der Microsoft.Build.Tasks.v4.0, Version=4.0.0.0, Culture=neutral, PublicKeyToken=b03f5f7f11d50a3a-Assembly wird verwendet."
"Message",Low,"Copy-Aufgabe"
"Message",Normal,"Die Datei wird von ""D:\UnityProjects\hololensdev\projectIR\App\KHL_TxRx\obj\x86\Master\ilc\in\KHL_TxRx.pdb"" in ""D:\UnityProjects\hololensdev\projectIR\App\KHL_TxRx\obj\x86\Master\ilc\intermediate\PreMergeILTransformed\KHL_TxRx.pdb"" kopiert."
"Message",Low,"Ausführen der Copy-Aufgabe beendet."
"Message",Low,"Copy-Aufgabe"
"Message",Normal,"Die Datei wird von ""D:\UnityProjects\hololensdev\projectIR\App\KHL_TxRx\obj\x86\Master\ilc\in\KHL_TxRx.exe"" in ""D:\UnityProjects\hololensdev\projectIR\App\KHL_TxRx\obj\x86\Master\ilc\intermediate\PreMergeILTransformed\KHL_TxRx.exe"" kopiert."
"Message",Low,"Ausführen der Copy-Aufgabe beendet."
"Message",Low,"Die Copy-Aufgabe wurde übersprungen, da die Bedingung ""false"" war . ('$(HasMcgPatchDlls)'=='true') wurde als (''=='true') ausgewertet."
"Message",Low,"Die Erstellung des Ziels ""PreResolveTransforms"" im Projekt ""Unnamed_1"" ist abgeschlossen."
"Message",Low,"Ziel ""InitInputResourceName"" in Datei ""C:\Program Files (x86)\MSBuild\Microsoft\.NetNative\x86\ilc\IlcInternals.targets"" aus Projekt ""D:\UnityProjects\hololensdev\projectIR\App\KHL_TxRx\Unnamed_1"" (Ziel ""RunILTransforms"" ist davon abhängig):"
"Message",Low,"Die ResolveFilePathTask-Aufgabe wurde übersprungen, da die Bedingung ""false"" war . ('$(InputPath)' != '' and Exists('$(InputPath)\obj\')) wurde als ('D:\UnityProjects\hololensdev\projectIR\App\KHL_TxRx\obj\x86\Master\ilc\in' != '' and Exists('D:\UnityProjects\hololensdev\projectIR\App\KHL_TxRx\obj\x86\Master\ilc\in\obj\')) ausgewertet."
"Message",Low,"Die ResolveFilePathTask-Aufgabe aus der Microsoft.Build.ILTasks-Assembly wird verwendet."
"Message",Low,"ResolveFilePathTask-Aufgabe"
"Message",Low,"Ausführen der ResolveFilePathTask-Aufgabe beendet."
"Message",Low,"Die Erstellung des Ziels ""InitInputResourceName"" im Projekt ""Unnamed_1"" ist abgeschlossen."
"Message",Low,"Das Ziel ""PreResolveTransforms"" wurde übersprungen. Die vorherige Erstellung war erfolgreich."
"Message",Low,"Ziel ""SetForSharedInputs"" in Datei ""C:\Program Files (x86)\MSBuild\Microsoft\.NetNative\x86\ilc\IlcInternals.targets"" aus Projekt ""D:\UnityProjects\hololensdev\projectIR\App\KHL_TxRx\Unnamed_1"" (Ziel ""ResolveInitialReferences"" ist davon abhängig):"
"Message",Low,"Das Ziel ""SetForSharedInputs"" wird vollständig erstellt."
"Message",Low,"Es wurden keine Eingabedateien angegeben."
"Message",Low,"Die IlcErrorTask-Aufgabe wurde übersprungen, da die Bedingung ""false"" war . (!Exists('$(InputSharedAssemblyListPath)')) wurde als (!Exists('C:\Program Files (x86)\Microsoft SDKs\Windows Kits\10\ExtensionSDKs\Microsoft.NET.Native.Framework.1.3\1.3\x86\ret\SharedAssemblyList.txt')) ausgewertet."
"Message",Low,"Die ReadLinesFromFile-Aufgabe aus der Microsoft.Build.Tasks.v4.0, Version=4.0.0.0, Culture=neutral, PublicKeyToken=b03f5f7f11d50a3a-Assembly wird verwendet."
"Message",Low,"ReadLinesFromFile-Aufgabe"
"Message",Low,"Ausführen der ReadLinesFromFile-Aufgabe beendet."
"Message",Low,"Die IlcErrorTask-Aufgabe wurde übersprungen, da die Bedingung ""false"" war . (!Exists('$(InputSharedAssemblyPath)\%(SharedLibraryContent.Identity)')) wurde als (!Exists('C:\Program Files (x86)\Microsoft SDKs\Windows Kits\10\ExtensionSDKs\Microsoft.NET.Native.Framework.1.3\1.3\x86\ret\SharedAssemblyILMergeInfo.csv')) ausgewertet."
"Message",Low,"Die IlcErrorTask-Aufgabe wurde übersprungen, da die Bedingung ""false"" war . (!Exists('$(InputSharedAssemblyPath)\%(SharedLibraryContent.Identity)')) wurde als (!Exists('C:\Program Files (x86)\Microsoft SDKs\Windows Kits\10\ExtensionSDKs\Microsoft.NET.Native.Framework.1.3\1.3\x86\ret\SharedLibrary.iltransformtoc.ildll')) ausgewertet."
"Message",Low,"Die IlcErrorTask-Aufgabe wurde übersprungen, da die Bedingung ""false"" war . (!Exists('$(InputSharedAssemblyPath)\%(SharedLibraryContent.Identity)')) wurde als (!Exists('C:\Program Files (x86)\Microsoft SDKs\Windows Kits\10\ExtensionSDKs\Microsoft.NET.Native.Framework.1.3\1.3\x86\ret\AnalysisILToc\System.Collections.iltoc')) ausgewertet."
"Message",Low,"Die IlcErrorTask-Aufgabe wurde übersprungen, da die Bedingung ""false"" war . (!Exists('$(InputSharedAssemblyPath)\%(SharedLibraryContent.Identity)')) wurde als (!Exists('C:\Program Files (x86)\Microsoft SDKs\Windows Kits\10\ExtensionSDKs\Microsoft.NET.Native.Framework.1.3\1.3\x86\ret\AnalysisILToc\System.Collections.Concurrent.iltoc')) ausgewertet."
"Message",Low,"Die IlcErrorTask-Aufgabe wurde übersprungen, da die Bedingung ""false"" war . (!Exists('$(InputSharedAssemblyPath)\%(SharedLibraryContent.Identity)')) wurde als (!Exists('C:\Program Files (x86)\Microsoft SDKs\Windows Kits\10\ExtensionSDKs\Microsoft.NET.Native.Framework.1.3\1.3\x86\ret\AnalysisILToc\System.Diagnostics.Tracing.iltoc')) ausgewertet."
"Message",Low,"Die IlcErrorTask-Aufgabe wurde übersprungen, da die Bedingung ""false"" war . (!Exists('$(InputSharedAssemblyPath)\%(SharedLibraryContent.Identity)')) wurde als (!Exists('C:\Program Files (x86)\Microsoft SDKs\Windows Kits\10\ExtensionSDKs\Microsoft.NET.Native.Framework.1.3\1.3\x86\ret\AnalysisILToc\System.Dynamic.Runtime.iltoc')) ausgewertet."
"Message",Low,"Die IlcErrorTask-Aufgabe wurde übersprungen, da die Bedingung ""false"" war . (!Exists('$(InputSharedAssemblyPath)\%(SharedLibraryContent.Identity)')) wurde als (!Exists('C:\Program Files (x86)\Microsoft SDKs\Windows Kits\10\ExtensionSDKs\Microsoft.NET.Native.Framework.1.3\1.3\x86\ret\AnalysisILToc\System.IO.iltoc')) ausgewertet."
"Message",Low,"Die IlcErrorTask-Aufgabe wurde übersprungen, da die Bedingung ""false"" war . (!Exists('$(InputSharedAssemblyPath)\%(SharedLibraryContent.Identity)')) wurde als (!Exists('C:\Program Files (x86)\Microsoft SDKs\Windows Kits\10\ExtensionSDKs\Microsoft.NET.Native.Framework.1.3\1.3\x86\ret\AnalysisILToc\System.Linq.iltoc')) ausgewertet."
"Message",Low,"Die IlcErrorTask-Aufgabe wurde übersprungen, da die Bedingung ""false"" war . (!Exists('$(InputSharedAssemblyPath)\%(SharedLibraryContent.Identity)')) wurde als (!Exists('C:\Program Files (x86)\Microsoft SDKs\Windows Kits\10\ExtensionSDKs\Microsoft.NET.Native.Framework.1.3\1.3\x86\ret\AnalysisILToc\System.Linq.Expressions.iltoc')) ausgewertet."
"Message",Low,"Die IlcErrorTask-Aufgabe wurde übersprungen, da die Bedingung ""false"" war . (!Exists('$(InputSharedAssemblyPath)\%(SharedLibraryContent.Identity)')) wurde als (!Exists('C:\Program Files (x86)\Microsoft SDKs\Windows Kits\10\ExtensionSDKs\Microsoft.NET.Native.Framework.1.3\1.3\x86\ret\AnalysisILToc\System.ObjectModel.iltoc')) ausgewertet."
"Message",Low,"Die IlcErrorTask-Aufgabe wurde übersprungen, da die Bedingung ""false"" war . (!Exists('$(InputSharedAssemblyPath)\%(SharedLibraryContent.Identity)')) wurde als (!Exists('C:\Program Files (x86)\Microsoft SDKs\Windows Kits\10\ExtensionSDKs\Microsoft.NET.Native.Framework.1.3\1.3\x86\ret\AnalysisILToc\System.Private.CoreLib.iltoc')) ausgewertet."
"Message",Low,"Die IlcErrorTask-Aufgabe wurde übersprungen, da die Bedingung ""false"" war . (!Exists('$(InputSharedAssemblyPath)\%(SharedLibraryContent.Identity)')) wurde als (!Exists('C:\Program Files (x86)\Microsoft SDKs\Windows Kits\10\ExtensionSDKs\Microsoft.NET.Native.Framework.1.3\1.3\x86\ret\AnalysisILToc\System.Private.Interop.iltoc')) ausgewertet."
"Message",Low,"Die IlcErrorTask-Aufgabe wurde übersprungen, da die Bedingung ""false"" war . (!Exists('$(InputSharedAssemblyPath)\%(SharedLibraryContent.Identity)')) wurde als (!Exists('C:\Program Files (x86)\Microsoft SDKs\Windows Kits\10\ExtensionSDKs\Microsoft.NET.Native.Framework.1.3\1.3\x86\ret\AnalysisILToc\System.Private.Reflection.iltoc')) ausgewertet."
"Message",Low,"Die IlcErrorTask-Aufgabe wurde übersprungen, da die Bedingung ""false"" war . (!Exists('$(InputSharedAssemblyPath)\%(SharedLibraryContent.Identity)')) wurde als (!Exists('C:\Program Files (x86)\Microsoft SDKs\Windows Kits\10\ExtensionSDKs\Microsoft.NET.Native.Framework.1.3\1.3\x86\ret\AnalysisILToc\System.Private.Reflection.Core.iltoc')) ausgewertet."
"Message",Low,"Die IlcErrorTask-Aufgabe wurde übersprungen, da die Bedingung ""false"" war . (!Exists('$(InputSharedAssemblyPath)\%(SharedLibraryContent.Identity)')) wurde als (!Exists('C:\Program Files (x86)\Microsoft SDKs\Windows Kits\10\ExtensionSDKs\Microsoft.NET.Native.Framework.1.3\1.3\x86\ret\AnalysisILToc\System.Private.Reflection.Execution.iltoc')) ausgewertet."
"Message",Low,"Die IlcErrorTask-Aufgabe wurde übersprungen, da die Bedingung ""false"" war . (!Exists('$(InputSharedAssemblyPath)\%(SharedLibraryContent.Identity)')) wurde als (!Exists('C:\Program Files (x86)\Microsoft SDKs\Windows Kits\10\ExtensionSDKs\Microsoft.NET.Native.Framework.1.3\1.3\x86\ret\AnalysisILToc\System.Private.Reflection.Metadata.iltoc')) ausgewertet."
"Message",Low,"Die IlcErrorTask-Aufgabe wurde übersprungen, da die Bedingung ""false"" war . (!Exists('$(InputSharedAssemblyPath)\%(SharedLibraryContent.Identity)')) wurde als (!Exists('C:\Program Files (x86)\Microsoft SDKs\Windows Kits\10\ExtensionSDKs\Microsoft.NET.Native.Framework.1.3\1.3\x86\ret\AnalysisILToc\System.Private.Threading.iltoc')) ausgewertet."
"Message",Low,"Die IlcErrorTask-Aufgabe wurde übersprungen, da die Bedingung ""false"" war . (!Exists('$(InputSharedAssemblyPath)\%(SharedLibraryContent.Identity)')) wurde als (!Exists('C:\Program Files (x86)\Microsoft SDKs\Windows Kits\10\ExtensionSDKs\Microsoft.NET.Native.Framework.1.3\1.3\x86\ret\AnalysisILToc\System.Private.TypeLoader.iltoc')) ausgewertet."
"Message",Low,"Die IlcErrorTask-Aufgabe wurde übersprungen, da die Bedingung ""false"" war . (!Exists('$(InputSharedAssemblyPath)\%(SharedLibraryContent.Identity)')) wurde als (!Exists('C:\Program Files (x86)\Microsoft SDKs\Windows Kits\10\ExtensionSDKs\Microsoft.NET.Native.Framework.1.3\1.3\x86\ret\AnalysisILToc\System.Private.Uri.iltoc')) ausgewertet."
"Message",Low,"Die IlcErrorTask-Aufgabe wurde übersprungen, da die Bedingung ""false"" war . (!Exists('$(InputSharedAssemblyPath)\%(SharedLibraryContent.Identity)')) wurde als (!Exists('C:\Program Files (x86)\Microsoft SDKs\Windows Kits\10\ExtensionSDKs\Microsoft.NET.Native.Framework.1.3\1.3\x86\ret\AnalysisILToc\System.Reflection.Extensions.iltoc')) ausgewertet."
"Message",Low,"Die IlcErrorTask-Aufgabe wurde übersprungen, da die Bedingung ""false"" war . (!Exists('$(InputSharedAssemblyPath)\%(SharedLibraryContent.Identity)')) wurde als (!Exists('C:\Program Files (x86)\Microsoft SDKs\Windows Kits\10\ExtensionSDKs\Microsoft.NET.Native.Framework.1.3\1.3\x86\ret\AnalysisILToc\System.Reflection.Primitives.iltoc')) ausgewertet."
"Message",Low,"Die IlcErrorTask-Aufgabe wurde übersprungen, da die Bedingung ""false"" war . (!Exists('$(InputSharedAssemblyPath)\%(SharedLibraryContent.Identity)')) wurde als (!Exists('C:\Program Files (x86)\Microsoft SDKs\Windows Kits\10\ExtensionSDKs\Microsoft.NET.Native.Framework.1.3\1.3\x86\ret\AnalysisILToc\System.Reflection.TypeExtensions.iltoc')) ausgewertet."
"Message",Low,"Die IlcErrorTask-Aufgabe wurde übersprungen, da die Bedingung ""false"" war . (!Exists('$(InputSharedAssemblyPath)\%(SharedLibraryContent.Identity)')) wurde als (!Exists('C:\Program Files (x86)\Microsoft SDKs\Windows Kits\10\ExtensionSDKs\Microsoft.NET.Native.Framework.1.3\1.3\x86\ret\AnalysisILToc\System.Resources.ResourceManager.iltoc')) ausgewertet."
"Message",Low,"Die IlcErrorTask-Aufgabe wurde übersprungen, da die Bedingung ""false"" war . (!Exists('$(InputSharedAssemblyPath)\%(SharedLibraryContent.Identity)')) wurde als (!Exists('C:\Program Files (x86)\Microsoft SDKs\Windows Kits\10\ExtensionSDKs\Microsoft.NET.Native.Framework.1.3\1.3\x86\ret\AnalysisILToc\System.Runtime.Extensions.iltoc')) ausgewertet."
"Message",Low,"Die IlcErrorTask-Aufgabe wurde übersprungen, da die Bedingung ""false"" war . (!Exists('$(InputSharedAssemblyPath)\%(SharedLibraryContent.Identity)')) wurde als (!Exists('C:\Program Files (x86)\Microsoft SDKs\Windows Kits\10\ExtensionSDKs\Microsoft.NET.Native.Framework.1.3\1.3\x86\ret\AnalysisILToc\System.Runtime.Implementation.iltoc')) ausgewertet."
"Message",Low,"Die IlcErrorTask-Aufgabe wurde übersprungen, da die Bedingung ""false"" war . (!Exists('$(InputSharedAssemblyPath)\%(SharedLibraryContent.Identity)')) wurde als (!Exists('C:\Program Files (x86)\Microsoft SDKs\Windows Kits\10\ExtensionSDKs\Microsoft.NET.Native.Framework.1.3\1.3\x86\ret\AnalysisILToc\System.Text.RegularExpressions.iltoc')) ausgewertet."
"Message",Low,"Die IlcErrorTask-Aufgabe wurde übersprungen, da die Bedingung ""false"" war . (!Exists('$(InputSharedAssemblyPath)\%(SharedLibraryContent.Identity)')) wurde als (!Exists('C:\Program Files (x86)\Microsoft SDKs\Windows Kits\10\ExtensionSDKs\Microsoft.NET.Native.Framework.1.3\1.3\x86\ret\AnalysisILToc\System.Private.SharedLibrary.Interop.Generated.iltoc')) ausgewertet."
"Message",Low,"Die IlcErrorTask-Aufgabe wurde übersprungen, da die Bedingung ""false"" war . (!Exists('$(InputSharedAssemblyPath)\%(SharedLibraryContent.Identity)')) wurde als (!Exists('C:\Program Files (x86)\Microsoft SDKs\Windows Kits\10\ExtensionSDKs\Microsoft.NET.Native.Framework.1.3\1.3\x86\ret\AnalysisILToc\System.Collections.iltocpdb')) ausgewertet."
"Message",Low,"Die IlcErrorTask-Aufgabe wurde übersprungen, da die Bedingung ""false"" war . (!Exists('$(InputSharedAssemblyPath)\%(SharedLibraryContent.Identity)')) wurde als (!Exists('C:\Program Files (x86)\Microsoft SDKs\Windows Kits\10\ExtensionSDKs\Microsoft.NET.Native.Framework.1.3\1.3\x86\ret\AnalysisILToc\System.Collections.Concurrent.iltocpdb')) ausgewertet."
"Message",Low,"Die IlcErrorTask-Aufgabe wurde übersprungen, da die Bedingung ""false"" war . (!Exists('$(InputSharedAssemblyPath)\%(SharedLibraryContent.Identity)')) wurde als (!Exists('C:\Program Files (x86)\Microsoft SDKs\Windows Kits\10\ExtensionSDKs\Microsoft.NET.Native.Framework.1.3\1.3\x86\ret\AnalysisILToc\System.Diagnostics.Tracing.iltocpdb')) ausgewertet."
"Message",Low,"Die IlcErrorTask-Aufgabe wurde übersprungen, da die Bedingung ""false"" war . (!Exists('$(InputSharedAssemblyPath)\%(SharedLibraryContent.Identity)')) wurde als (!Exists('C:\Program Files (x86)\Microsoft SDKs\Windows Kits\10\ExtensionSDKs\Microsoft.NET.Native.Framework.1.3\1.3\x86\ret\AnalysisILToc\System.Dynamic.Runtime.iltocpdb')) ausgewertet."
"Message",Low,"Die IlcErrorTask-Aufgabe wurde übersprungen, da die Bedingung ""false"" war . (!Exists('$(InputSharedAssemblyPath)\%(SharedLibraryContent.Identity)')) wurde als (!Exists('C:\Program Files (x86)\Microsoft SDKs\Windows Kits\10\ExtensionSDKs\Microsoft.NET.Native.Framework.1.3\1.3\x86\ret\AnalysisILToc\System.IO.iltocpdb')) ausgewertet."
"Message",Low,"Die IlcErrorTask-Aufgabe wurde übersprungen, da die Bedingung ""false"" war . (!Exists('$(InputSharedAssemblyPath)\%(SharedLibraryContent.Identity)')) wurde als (!Exists('C:\Program Files (x86)\Microsoft SDKs\Windows Kits\10\ExtensionSDKs\Microsoft.NET.Native.Framework.1.3\1.3\x86\ret\AnalysisILToc\System.Linq.iltocpdb')) ausgewertet."
"Message",Low,"Die IlcErrorTask-Aufgabe wurde übersprungen, da die Bedingung ""false"" war . (!Exists('$(InputSharedAssemblyPath)\%(SharedLibraryContent.Identity)')) wurde als (!Exists('C:\Program Files (x86)\Microsoft SDKs\Windows Kits\10\ExtensionSDKs\Microsoft.NET.Native.Framework.1.3\1.3\x86\ret\AnalysisILToc\System.Linq.Expressions.iltocpdb')) ausgewertet."
"Message",Low,"Die IlcErrorTask-Aufgabe wurde übersprungen, da die Bedingung ""false"" war . (!Exists('$(InputSharedAssemblyPath)\%(SharedLibraryContent.Identity)')) wurde als (!Exists('C:\Program Files (x86)\Microsoft SDKs\Windows Kits\10\ExtensionSDKs\Microsoft.NET.Native.Framework.1.3\1.3\x86\ret\AnalysisILToc\System.ObjectModel.iltocpdb')) ausgewertet."
"Message",Low,"Die IlcErrorTask-Aufgabe wurde übersprungen, da die Bedingung ""false"" war . (!Exists('$(InputSharedAssemblyPath)\%(SharedLibraryContent.Identity)')) wurde als (!Exists('C:\Program Files (x86)\Microsoft SDKs\Windows Kits\10\ExtensionSDKs\Microsoft.NET.Native.Framework.1.3\1.3\x86\ret\AnalysisILToc\System.Private.CoreLib.iltocpdb')) ausgewertet."
"Message",Low,"Die IlcErrorTask-Aufgabe wurde übersprungen, da die Bedingung ""false"" war . (!Exists('$(InputSharedAssemblyPath)\%(SharedLibraryContent.Identity)')) wurde als (!Exists('C:\Program Files (x86)\Microsoft SDKs\Windows Kits\10\ExtensionSDKs\Microsoft.NET.Native.Framework.1.3\1.3\x86\ret\AnalysisILToc\System.Private.Interop.iltocpdb')) ausgewertet."
"Message",Low,"Die IlcErrorTask-Aufgabe wurde übersprungen, da die Bedingung ""false"" war . (!Exists('$(InputSharedAssemblyPath)\%(SharedLibraryContent.Identity)')) wurde als (!Exists('C:\Program Files (x86)\Microsoft SDKs\Windows Kits\10\ExtensionSDKs\Microsoft.NET.Native.Framework.1.3\1.3\x86\ret\AnalysisILToc\System.Private.Reflection.iltocpdb')) ausgewertet."
"Message",Low,"Die IlcErrorTask-Aufgabe wurde übersprungen, da die Bedingung ""false"" war . (!Exists('$(InputSharedAssemblyPath)\%(SharedLibraryContent.Identity)')) wurde als (!Exists('C:\Program Files (x86)\Microsoft SDKs\Windows Kits\10\ExtensionSDKs\Microsoft.NET.Native.Framework.1.3\1.3\x86\ret\AnalysisILToc\System.Private.Reflection.Core.iltocpdb')) ausgewertet."
"Message",Low,"Die IlcErrorTask-Aufgabe wurde übersprungen, da die Bedingung ""false"" war . (!Exists('$(InputSharedAssemblyPath)\%(SharedLibraryContent.Identity)')) wurde als (!Exists('C:\Program Files (x86)\Microsoft SDKs\Windows Kits\10\ExtensionSDKs\Microsoft.NET.Native.Framework.1.3\1.3\x86\ret\AnalysisILToc\System.Private.Reflection.Execution.iltocpdb')) ausgewertet."
"Message",Low,"Die IlcErrorTask-Aufgabe wurde übersprungen, da die Bedingung ""false"" war . (!Exists('$(InputSharedAssemblyPath)\%(SharedLibraryContent.Identity)')) wurde als (!Exists('C:\Program Files (x86)\Microsoft SDKs\Windows Kits\10\ExtensionSDKs\Microsoft.NET.Native.Framework.1.3\1.3\x86\ret\AnalysisILToc\System.Private.Reflection.Metadata.iltocpdb')) ausgewertet."
"Message",Low,"Die IlcErrorTask-Aufgabe wurde übersprungen, da die Bedingung ""false"" war . (!Exists('$(InputSharedAssemblyPath)\%(SharedLibraryContent.Identity)')) wurde als (!Exists('C:\Program Files (x86)\Microsoft SDKs\Windows Kits\10\ExtensionSDKs\Microsoft.NET.Native.Framework.1.3\1.3\x86\ret\AnalysisILToc\System.Private.Threading.iltocpdb')) ausgewertet."
"Message",Low,"Die IlcErrorTask-Aufgabe wurde übersprungen, da die Bedingung ""false"" war . (!Exists('$(InputSharedAssemblyPath)\%(SharedLibraryContent.Identity)')) wurde als (!Exists('C:\Program Files (x86)\Microsoft SDKs\Windows Kits\10\ExtensionSDKs\Microsoft.NET.Native.Framework.1.3\1.3\x86\ret\AnalysisILToc\System.Private.TypeLoader.iltocpdb')) ausgewertet."
"Message",Low,"Die IlcErrorTask-Aufgabe wurde übersprungen, da die Bedingung ""false"" war . (!Exists('$(InputSharedAssemblyPath)\%(SharedLibraryContent.Identity)')) wurde als (!Exists('C:\Program Files (x86)\Microsoft SDKs\Windows Kits\10\ExtensionSDKs\Microsoft.NET.Native.Framework.1.3\1.3\x86\ret\AnalysisILToc\System.Private.Uri.iltocpdb')) ausgewertet."
"Message",Low,"Die IlcErrorTask-Aufgabe wurde übersprungen, da die Bedingung ""false"" war . (!Exists('$(InputSharedAssemblyPath)\%(SharedLibraryContent.Identity)')) wurde als (!Exists('C:\Program Files (x86)\Microsoft SDKs\Windows Kits\10\ExtensionSDKs\Microsoft.NET.Native.Framework.1.3\1.3\x86\ret\AnalysisILToc\System.Reflection.Extensions.iltocpdb')) ausgewertet."
"Message",Low,"Die IlcErrorTask-Aufgabe wurde übersprungen, da die Bedingung ""false"" war . (!Exists('$(InputSharedAssemblyPath)\%(SharedLibraryContent.Identity)')) wurde als (!Exists('C:\Program Files (x86)\Microsoft SDKs\Windows Kits\10\ExtensionSDKs\Microsoft.NET.Native.Framework.1.3\1.3\x86\ret\AnalysisILToc\System.Reflection.Primitives.iltocpdb')) ausgewertet."
"Message",Low,"Die IlcErrorTask-Aufgabe wurde übersprungen, da die Bedingung ""false"" war . (!Exists('$(InputSharedAssemblyPath)\%(SharedLibraryContent.Identity)')) wurde als (!Exists('C:\Program Files (x86)\Microsoft SDKs\Windows Kits\10\ExtensionSDKs\Microsoft.NET.Native.Framework.1.3\1.3\x86\ret\AnalysisILToc\System.Reflection.TypeExtensions.iltocpdb')) ausgewertet."
"Message",Low,"Die IlcErrorTask-Aufgabe wurde übersprungen, da die Bedingung ""false"" war . (!Exists('$(InputSharedAssemblyPath)\%(SharedLibraryContent.Identity)')) wurde als (!Exists('C:\Program Files (x86)\Microsoft SDKs\Windows Kits\10\ExtensionSDKs\Microsoft.NET.Native.Framework.1.3\1.3\x86\ret\AnalysisILToc\System.Resources.ResourceManager.iltocpdb')) ausgewertet."
"Message",Low,"Die IlcErrorTask-Aufgabe wurde übersprungen, da die Bedingung ""false"" war . (!Exists('$(InputSharedAssemblyPath)\%(SharedLibraryContent.Identity)')) wurde als (!Exists('C:\Program Files (x86)\Microsoft SDKs\Windows Kits\10\ExtensionSDKs\Microsoft.NET.Native.Framework.1.3\1.3\x86\ret\AnalysisILToc\System.Runtime.Extensions.iltocpdb')) ausgewertet."
"Message",Low,"Die IlcErrorTask-Aufgabe wurde übersprungen, da die Bedingung ""false"" war . (!Exists('$(InputSharedAssemblyPath)\%(SharedLibraryContent.Identity)')) wurde als (!Exists('C:\Program Files (x86)\Microsoft SDKs\Windows Kits\10\ExtensionSDKs\Microsoft.NET.Native.Framework.1.3\1.3\x86\ret\AnalysisILToc\System.Runtime.Implementation.iltocpdb')) ausgewertet."
"Message",Low,"Die IlcErrorTask-Aufgabe wurde übersprungen, da die Bedingung ""false"" war . (!Exists('$(InputSharedAssemblyPath)\%(SharedLibraryContent.Identity)')) wurde als (!Exists('C:\Program Files (x86)\Microsoft SDKs\Windows Kits\10\ExtensionSDKs\Microsoft.NET.Native.Framework.1.3\1.3\x86\ret\AnalysisILToc\System.Text.RegularExpressions.iltocpdb')) ausgewertet."
"Message",Low,"Die IlcErrorTask-Aufgabe wurde übersprungen, da die Bedingung ""false"" war . (!Exists('$(InputSharedAssemblyPath)\%(SharedLibraryContent.Identity)')) wurde als (!Exists('C:\Program Files (x86)\Microsoft SDKs\Windows Kits\10\ExtensionSDKs\Microsoft.NET.Native.Framework.1.3\1.3\x86\ret\AnalysisILToc\System.Private.SharedLibrary.Interop.Generated.iltocpdb')) ausgewertet."
"Message",Low,"Die IlcErrorTask-Aufgabe wurde übersprungen, da die Bedingung ""false"" war . (!Exists('$(InputSharedAssemblyPath)\%(SharedLibraryContent.Identity)')) wurde als (!Exists('C:\Program Files (x86)\Microsoft SDKs\Windows Kits\10\ExtensionSDKs\Microsoft.NET.Native.Framework.1.3\1.3\x86\ret\ILToc\System.Collections.iltoc')) ausgewertet."
"Message",Low,"Die IlcErrorTask-Aufgabe wurde übersprungen, da die Bedingung ""false"" war . (!Exists('$(InputSharedAssemblyPath)\%(SharedLibraryContent.Identity)')) wurde als (!Exists('C:\Program Files (x86)\Microsoft SDKs\Windows Kits\10\ExtensionSDKs\Microsoft.NET.Native.Framework.1.3\1.3\x86\ret\ILToc\System.Collections.Concurrent.iltoc')) ausgewertet."
"Message",Low,"Die IlcErrorTask-Aufgabe wurde übersprungen, da die Bedingung ""false"" war . (!Exists('$(InputSharedAssemblyPath)\%(SharedLibraryContent.Identity)')) wurde als (!Exists('C:\Program Files (x86)\Microsoft SDKs\Windows Kits\10\ExtensionSDKs\Microsoft.NET.Native.Framework.1.3\1.3\x86\ret\ILToc\System.Diagnostics.Tracing.iltoc')) ausgewertet."
"Message",Low,"Die IlcErrorTask-Aufgabe wurde übersprungen, da die Bedingung ""false"" war . (!Exists('$(InputSharedAssemblyPath)\%(SharedLibraryContent.Identity)')) wurde als (!Exists('C:\Program Files (x86)\Microsoft SDKs\Windows Kits\10\ExtensionSDKs\Microsoft.NET.Native.Framework.1.3\1.3\x86\ret\ILToc\System.Dynamic.Runtime.iltoc')) ausgewertet."
"Message",Low,"Die IlcErrorTask-Aufgabe wurde übersprungen, da die Bedingung ""false"" war . (!Exists('$(InputSharedAssemblyPath)\%(SharedLibraryContent.Identity)')) wurde als (!Exists('C:\Program Files (x86)\Microsoft SDKs\Windows Kits\10\ExtensionSDKs\Microsoft.NET.Native.Framework.1.3\1.3\x86\ret\ILToc\System.IO.iltoc')) ausgewertet."
"Message",Low,"Die IlcErrorTask-Aufgabe wurde übersprungen, da die Bedingung ""false"" war . (!Exists('$(InputSharedAssemblyPath)\%(SharedLibraryContent.Identity)')) wurde als (!Exists('C:\Program Files (x86)\Microsoft SDKs\Windows Kits\10\ExtensionSDKs\Microsoft.NET.Native.Framework.1.3\1.3\x86\ret\ILToc\System.Linq.iltoc')) ausgewertet."
"Message",Low,"Die IlcErrorTask-Aufgabe wurde übersprungen, da die Bedingung ""false"" war . (!Exists('$(InputSharedAssemblyPath)\%(SharedLibraryContent.Identity)')) wurde als (!Exists('C:\Program Files (x86)\Microsoft SDKs\Windows Kits\10\ExtensionSDKs\Microsoft.NET.Native.Framework.1.3\1.3\x86\ret\ILToc\System.Linq.Expressions.iltoc')) ausgewertet."
"Message",Low,"Die IlcErrorTask-Aufgabe wurde übersprungen, da die Bedingung ""false"" war . (!Exists('$(InputSharedAssemblyPath)\%(SharedLibraryContent.Identity)')) wurde als (!Exists('C:\Program Files (x86)\Microsoft SDKs\Windows Kits\10\ExtensionSDKs\Microsoft.NET.Native.Framework.1.3\1.3\x86\ret\ILToc\System.ObjectModel.iltoc')) ausgewertet."
"Message",Low,"Die IlcErrorTask-Aufgabe wurde übersprungen, da die Bedingung ""false"" war . (!Exists('$(InputSharedAssemblyPath)\%(SharedLibraryContent.Identity)')) wurde als (!Exists('C:\Program Files (x86)\Microsoft SDKs\Windows Kits\10\ExtensionSDKs\Microsoft.NET.Native.Framework.1.3\1.3\x86\ret\ILToc\System.Private.CoreLib.iltoc')) ausgewertet."
"Message",Low,"Die IlcErrorTask-Aufgabe wurde übersprungen, da die Bedingung ""false"" war . (!Exists('$(InputSharedAssemblyPath)\%(SharedLibraryContent.Identity)')) wurde als (!Exists('C:\Program Files (x86)\Microsoft SDKs\Windows Kits\10\ExtensionSDKs\Microsoft.NET.Native.Framework.1.3\1.3\x86\ret\ILToc\System.Private.Interop.iltoc')) ausgewertet."
"Message",Low,"Die IlcErrorTask-Aufgabe wurde übersprungen, da die Bedingung ""false"" war . (!Exists('$(InputSharedAssemblyPath)\%(SharedLibraryContent.Identity)')) wurde als (!Exists('C:\Program Files (x86)\Microsoft SDKs\Windows Kits\10\ExtensionSDKs\Microsoft.NET.Native.Framework.1.3\1.3\x86\ret\ILToc\System.Private.Reflection.iltoc')) ausgewertet."
"Message",Low,"Die IlcErrorTask-Aufgabe wurde übersprungen, da die Bedingung ""false"" war . (!Exists('$(InputSharedAssemblyPath)\%(SharedLibraryContent.Identity)')) wurde als (!Exists('C:\Program Files (x86)\Microsoft SDKs\Windows Kits\10\ExtensionSDKs\Microsoft.NET.Native.Framework.1.3\1.3\x86\ret\ILToc\System.Private.Reflection.Core.iltoc')) ausgewertet."
"Message",Low,"Die IlcErrorTask-Aufgabe wurde übersprungen, da die Bedingung ""false"" war . (!Exists('$(InputSharedAssemblyPath)\%(SharedLibraryContent.Identity)')) wurde als (!Exists('C:\Program Files (x86)\Microsoft SDKs\Windows Kits\10\ExtensionSDKs\Microsoft.NET.Native.Framework.1.3\1.3\x86\ret\ILToc\System.Private.Reflection.Execution.iltoc')) ausgewertet."
"Message",Low,"Die IlcErrorTask-Aufgabe wurde übersprungen, da die Bedingung ""false"" war . (!Exists('$(InputSharedAssemblyPath)\%(SharedLibraryContent.Identity)')) wurde als (!Exists('C:\Program Files (x86)\Microsoft SDKs\Windows Kits\10\ExtensionSDKs\Microsoft.NET.Native.Framework.1.3\1.3\x86\ret\ILToc\System.Private.Reflection.Metadata.iltoc')) ausgewertet."
"Message",Low,"Die IlcErrorTask-Aufgabe wurde übersprungen, da die Bedingung ""false"" war . (!Exists('$(InputSharedAssemblyPath)\%(SharedLibraryContent.Identity)')) wurde als (!Exists('C:\Program Files (x86)\Microsoft SDKs\Windows Kits\10\ExtensionSDKs\Microsoft.NET.Native.Framework.1.3\1.3\x86\ret\ILToc\System.Private.Threading.iltoc')) ausgewertet."
"Message",Low,"Die IlcErrorTask-Aufgabe wurde übersprungen, da die Bedingung ""false"" war . (!Exists('$(InputSharedAssemblyPath)\%(SharedLibraryContent.Identity)')) wurde als (!Exists('C:\Program Files (x86)\Microsoft SDKs\Windows Kits\10\ExtensionSDKs\Microsoft.NET.Native.Framework.1.3\1.3\x86\ret\ILToc\System.Private.TypeLoader.iltoc')) ausgewertet."
"Message",Low,"Die IlcErrorTask-Aufgabe wurde übersprungen, da die Bedingung ""false"" war . (!Exists('$(InputSharedAssemblyPath)\%(SharedLibraryContent.Identity)')) wurde als (!Exists('C:\Program Files (x86)\Microsoft SDKs\Windows Kits\10\ExtensionSDKs\Microsoft.NET.Native.Framework.1.3\1.3\x86\ret\ILToc\System.Private.Uri.iltoc')) ausgewertet."
"Message",Low,"Die IlcErrorTask-Aufgabe wurde übersprungen, da die Bedingung ""false"" war . (!Exists('$(InputSharedAssemblyPath)\%(SharedLibraryContent.Identity)')) wurde als (!Exists('C:\Program Files (x86)\Microsoft SDKs\Windows Kits\10\ExtensionSDKs\Microsoft.NET.Native.Framework.1.3\1.3\x86\ret\ILToc\System.Reflection.Extensions.iltoc')) ausgewertet."
"Message",Low,"Die IlcErrorTask-Aufgabe wurde übersprungen, da die Bedingung ""false"" war . (!Exists('$(InputSharedAssemblyPath)\%(SharedLibraryContent.Identity)')) wurde als (!Exists('C:\Program Files (x86)\Microsoft SDKs\Windows Kits\10\ExtensionSDKs\Microsoft.NET.Native.Framework.1.3\1.3\x86\ret\ILToc\System.Reflection.Primitives.iltoc')) ausgewertet."
"Message",Low,"Die IlcErrorTask-Aufgabe wurde übersprungen, da die Bedingung ""false"" war . (!Exists('$(InputSharedAssemblyPath)\%(SharedLibraryContent.Identity)')) wurde als (!Exists('C:\Program Files (x86)\Microsoft SDKs\Windows Kits\10\ExtensionSDKs\Microsoft.NET.Native.Framework.1.3\1.3\x86\ret\ILToc\System.Reflection.TypeExtensions.iltoc')) ausgewertet."
"Message",Low,"Die IlcErrorTask-Aufgabe wurde übersprungen, da die Bedingung ""false"" war . (!Exists('$(InputSharedAssemblyPath)\%(SharedLibraryContent.Identity)')) wurde als (!Exists('C:\Program Files (x86)\Microsoft SDKs\Windows Kits\10\ExtensionSDKs\Microsoft.NET.Native.Framework.1.3\1.3\x86\ret\ILToc\System.Resources.ResourceManager.iltoc')) ausgewertet."
"Message",Low,"Die IlcErrorTask-Aufgabe wurde übersprungen, da die Bedingung ""false"" war . (!Exists('$(InputSharedAssemblyPath)\%(SharedLibraryContent.Identity)')) wurde als (!Exists('C:\Program Files (x86)\Microsoft SDKs\Windows Kits\10\ExtensionSDKs\Microsoft.NET.Native.Framework.1.3\1.3\x86\ret\ILToc\System.Runtime.Extensions.iltoc')) ausgewertet."
"Message",Low,"Die IlcErrorTask-Aufgabe wurde übersprungen, da die Bedingung ""false"" war . (!Exists('$(InputSharedAssemblyPath)\%(SharedLibraryContent.Identity)')) wurde als (!Exists('C:\Program Files (x86)\Microsoft SDKs\Windows Kits\10\ExtensionSDKs\Microsoft.NET.Native.Framework.1.3\1.3\x86\ret\ILToc\System.Runtime.Implementation.iltoc')) ausgewertet."
"Message",Low,"Die IlcErrorTask-Aufgabe wurde übersprungen, da die Bedingung ""false"" war . (!Exists('$(InputSharedAssemblyPath)\%(SharedLibraryContent.Identity)')) wurde als (!Exists('C:\Program Files (x86)\Microsoft SDKs\Windows Kits\10\ExtensionSDKs\Microsoft.NET.Native.Framework.1.3\1.3\x86\ret\ILToc\System.Text.RegularExpressions.iltoc')) ausgewertet."
"Message",Low,"Die IlcErrorTask-Aufgabe wurde übersprungen, da die Bedingung ""false"" war . (!Exists('$(InputSharedAssemblyPath)\%(SharedLibraryContent.Identity)')) wurde als (!Exists('C:\Program Files (x86)\Microsoft SDKs\Windows Kits\10\ExtensionSDKs\Microsoft.NET.Native.Framework.1.3\1.3\x86\ret\ILToc\System.Private.SharedLibrary.Interop.Generated.iltoc')) ausgewertet."
"Message",Low,"Die IlcErrorTask-Aufgabe wurde übersprungen, da die Bedingung ""false"" war . (!Exists('$(InputSharedAssemblyPath)\%(SharedLibraryContent.Identity)')) wurde als (!Exists('C:\Program Files (x86)\Microsoft SDKs\Windows Kits\10\ExtensionSDKs\Microsoft.NET.Native.Framework.1.3\1.3\x86\ret\ILToc\System.Collections.iltocpdb')) ausgewertet."
"Message",Low,"Die IlcErrorTask-Aufgabe wurde übersprungen, da die Bedingung ""false"" war . (!Exists('$(InputSharedAssemblyPath)\%(SharedLibraryContent.Identity)')) wurde als (!Exists('C:\Program Files (x86)\Microsoft SDKs\Windows Kits\10\ExtensionSDKs\Microsoft.NET.Native.Framework.1.3\1.3\x86\ret\ILToc\System.Collections.Concurrent.iltocpdb')) ausgewertet."
"Message",Low,"Die IlcErrorTask-Aufgabe wurde übersprungen, da die Bedingung ""false"" war . (!Exists('$(InputSharedAssemblyPath)\%(SharedLibraryContent.Identity)')) wurde als (!Exists('C:\Program Files (x86)\Microsoft SDKs\Windows Kits\10\ExtensionSDKs\Microsoft.NET.Native.Framework.1.3\1.3\x86\ret\ILToc\System.Diagnostics.Tracing.iltocpdb')) ausgewertet."
"Message",Low,"Die IlcErrorTask-Aufgabe wurde übersprungen, da die Bedingung ""false"" war . (!Exists('$(InputSharedAssemblyPath)\%(SharedLibraryContent.Identity)')) wurde als (!Exists('C:\Program Files (x86)\Microsoft SDKs\Windows Kits\10\ExtensionSDKs\Microsoft.NET.Native.Framework.1.3\1.3\x86\ret\ILToc\System.Dynamic.Runtime.iltocpdb')) ausgewertet."
"Message",Low,"Die IlcErrorTask-Aufgabe wurde übersprungen, da die Bedingung ""false"" war . (!Exists('$(InputSharedAssemblyPath)\%(SharedLibraryContent.Identity)')) wurde als (!Exists('C:\Program Files (x86)\Microsoft SDKs\Windows Kits\10\ExtensionSDKs\Microsoft.NET.Native.Framework.1.3\1.3\x86\ret\ILToc\System.IO.iltocpdb')) ausgewertet."
"Message",Low,"Die IlcErrorTask-Aufgabe wurde übersprungen, da die Bedingung ""false"" war . (!Exists('$(InputSharedAssemblyPath)\%(SharedLibraryContent.Identity)')) wurde als (!Exists('C:\Program Files (x86)\Microsoft SDKs\Windows Kits\10\ExtensionSDKs\Microsoft.NET.Native.Framework.1.3\1.3\x86\ret\ILToc\System.Linq.iltocpdb')) ausgewertet."
"Message",Low,"Die IlcErrorTask-Aufgabe wurde übersprungen, da die Bedingung ""false"" war . (!Exists('$(InputSharedAssemblyPath)\%(SharedLibraryContent.Identity)')) wurde als (!Exists('C:\Program Files (x86)\Microsoft SDKs\Windows Kits\10\ExtensionSDKs\Microsoft.NET.Native.Framework.1.3\1.3\x86\ret\ILToc\System.Linq.Expressions.iltocpdb')) ausgewertet."
"Message",Low,"Die IlcErrorTask-Aufgabe wurde übersprungen, da die Bedingung ""false"" war . (!Exists('$(InputSharedAssemblyPath)\%(SharedLibraryContent.Identity)')) wurde als (!Exists('C:\Program Files (x86)\Microsoft SDKs\Windows Kits\10\ExtensionSDKs\Microsoft.NET.Native.Framework.1.3\1.3\x86\ret\ILToc\System.ObjectModel.iltocpdb')) ausgewertet."
"Message",Low,"Die IlcErrorTask-Aufgabe wurde übersprungen, da die Bedingung ""false"" war . (!Exists('$(InputSharedAssemblyPath)\%(SharedLibraryContent.Identity)')) wurde als (!Exists('C:\Program Files (x86)\Microsoft SDKs\Windows Kits\10\ExtensionSDKs\Microsoft.NET.Native.Framework.1.3\1.3\x86\ret\ILToc\System.Private.CoreLib.iltocpdb')) ausgewertet."
"Message",Low,"Die IlcErrorTask-Aufgabe wurde übersprungen, da die Bedingung ""false"" war . (!Exists('$(InputSharedAssemblyPath)\%(SharedLibraryContent.Identity)')) wurde als (!Exists('C:\Program Files (x86)\Microsoft SDKs\Windows Kits\10\ExtensionSDKs\Microsoft.NET.Native.Framework.1.3\1.3\x86\ret\ILToc\System.Private.Interop.iltocpdb')) ausgewertet."
"Message",Low,"Die IlcErrorTask-Aufgabe wurde übersprungen, da die Bedingung ""false"" war . (!Exists('$(InputSharedAssemblyPath)\%(SharedLibraryContent.Identity)')) wurde als (!Exists('C:\Program Files (x86)\Microsoft SDKs\Windows Kits\10\ExtensionSDKs\Microsoft.NET.Native.Framework.1.3\1.3\x86\ret\ILToc\System.Private.Reflection.iltocpdb')) ausgewertet."
"Message",Low,"Die IlcErrorTask-Aufgabe wurde übersprungen, da die Bedingung ""false"" war . (!Exists('$(InputSharedAssemblyPath)\%(SharedLibraryContent.Identity)')) wurde als (!Exists('C:\Program Files (x86)\Microsoft SDKs\Windows Kits\10\ExtensionSDKs\Microsoft.NET.Native.Framework.1.3\1.3\x86\ret\ILToc\System.Private.Reflection.Core.iltocpdb')) ausgewertet."
"Message",Low,"Die IlcErrorTask-Aufgabe wurde übersprungen, da die Bedingung ""false"" war . (!Exists('$(InputSharedAssemblyPath)\%(SharedLibraryContent.Identity)')) wurde als (!Exists('C:\Program Files (x86)\Microsoft SDKs\Windows Kits\10\ExtensionSDKs\Microsoft.NET.Native.Framework.1.3\1.3\x86\ret\ILToc\System.Private.Reflection.Execution.iltocpdb')) ausgewertet."
"Message",Low,"Die IlcErrorTask-Aufgabe wurde übersprungen, da die Bedingung ""false"" war . (!Exists('$(InputSharedAssemblyPath)\%(SharedLibraryContent.Identity)')) wurde als (!Exists('C:\Program Files (x86)\Microsoft SDKs\Windows Kits\10\ExtensionSDKs\Microsoft.NET.Native.Framework.1.3\1.3\x86\ret\ILToc\System.Private.Reflection.Metadata.iltocpdb')) ausgewertet."
"Message",Low,"Die IlcErrorTask-Aufgabe wurde übersprungen, da die Bedingung ""false"" war . (!Exists('$(InputSharedAssemblyPath)\%(SharedLibraryContent.Identity)')) wurde als (!Exists('C:\Program Files (x86)\Microsoft SDKs\Windows Kits\10\ExtensionSDKs\Microsoft.NET.Native.Framework.1.3\1.3\x86\ret\ILToc\System.Private.Threading.iltocpdb')) ausgewertet."
"Message",Low,"Die IlcErrorTask-Aufgabe wurde übersprungen, da die Bedingung ""false"" war . (!Exists('$(InputSharedAssemblyPath)\%(SharedLibraryContent.Identity)')) wurde als (!Exists('C:\Program Files (x86)\Microsoft SDKs\Windows Kits\10\ExtensionSDKs\Microsoft.NET.Native.Framework.1.3\1.3\x86\ret\ILToc\System.Private.TypeLoader.iltocpdb')) ausgewertet."
"Message",Low,"Die IlcErrorTask-Aufgabe wurde übersprungen, da die Bedingung ""false"" war . (!Exists('$(InputSharedAssemblyPath)\%(SharedLibraryContent.Identity)')) wurde als (!Exists('C:\Program Files (x86)\Microsoft SDKs\Windows Kits\10\ExtensionSDKs\Microsoft.NET.Native.Framework.1.3\1.3\x86\ret\ILToc\System.Private.Uri.iltocpdb')) ausgewertet."
"Message",Low,"Die IlcErrorTask-Aufgabe wurde übersprungen, da die Bedingung ""false"" war . (!Exists('$(InputSharedAssemblyPath)\%(SharedLibraryContent.Identity)')) wurde als (!Exists('C:\Program Files (x86)\Microsoft SDKs\Windows Kits\10\ExtensionSDKs\Microsoft.NET.Native.Framework.1.3\1.3\x86\ret\ILToc\System.Reflection.Extensions.iltocpdb')) ausgewertet."
"Message",Low,"Die IlcErrorTask-Aufgabe wurde übersprungen, da die Bedingung ""false"" war . (!Exists('$(InputSharedAssemblyPath)\%(SharedLibraryContent.Identity)')) wurde als (!Exists('C:\Program Files (x86)\Microsoft SDKs\Windows Kits\10\ExtensionSDKs\Microsoft.NET.Native.Framework.1.3\1.3\x86\ret\ILToc\System.Reflection.Primitives.iltocpdb')) ausgewertet."
"Message",Low,"Die IlcErrorTask-Aufgabe wurde übersprungen, da die Bedingung ""false"" war . (!Exists('$(InputSharedAssemblyPath)\%(SharedLibraryContent.Identity)')) wurde als (!Exists('C:\Program Files (x86)\Microsoft SDKs\Windows Kits\10\ExtensionSDKs\Microsoft.NET.Native.Framework.1.3\1.3\x86\ret\ILToc\System.Reflection.TypeExtensions.iltocpdb')) ausgewertet."
"Message",Low,"Die IlcErrorTask-Aufgabe wurde übersprungen, da die Bedingung ""false"" war . (!Exists('$(InputSharedAssemblyPath)\%(SharedLibraryContent.Identity)')) wurde als (!Exists('C:\Program Files (x86)\Microsoft SDKs\Windows Kits\10\ExtensionSDKs\Microsoft.NET.Native.Framework.1.3\1.3\x86\ret\ILToc\System.Resources.ResourceManager.iltocpdb')) ausgewertet."
"Message",Low,"Die IlcErrorTask-Aufgabe wurde übersprungen, da die Bedingung ""false"" war . (!Exists('$(InputSharedAssemblyPath)\%(SharedLibraryContent.Identity)')) wurde als (!Exists('C:\Program Files (x86)\Microsoft SDKs\Windows Kits\10\ExtensionSDKs\Microsoft.NET.Native.Framework.1.3\1.3\x86\ret\ILToc\System.Runtime.Extensions.iltocpdb')) ausgewertet."
"Message",Low,"Die IlcErrorTask-Aufgabe wurde übersprungen, da die Bedingung ""false"" war . (!Exists('$(InputSharedAssemblyPath)\%(SharedLibraryContent.Identity)')) wurde als (!Exists('C:\Program Files (x86)\Microsoft SDKs\Windows Kits\10\ExtensionSDKs\Microsoft.NET.Native.Framework.1.3\1.3\x86\ret\ILToc\System.Runtime.Implementation.iltocpdb')) ausgewertet."
"Message",Low,"Die IlcErrorTask-Aufgabe wurde übersprungen, da die Bedingung ""false"" war . (!Exists('$(InputSharedAssemblyPath)\%(SharedLibraryContent.Identity)')) wurde als (!Exists('C:\Program Files (x86)\Microsoft SDKs\Windows Kits\10\ExtensionSDKs\Microsoft.NET.Native.Framework.1.3\1.3\x86\ret\ILToc\System.Text.RegularExpressions.iltocpdb')) ausgewertet."
"Message",Low,"Die IlcErrorTask-Aufgabe wurde übersprungen, da die Bedingung ""false"" war . (!Exists('$(InputSharedAssemblyPath)\%(SharedLibraryContent.Identity)')) wurde als (!Exists('C:\Program Files (x86)\Microsoft SDKs\Windows Kits\10\ExtensionSDKs\Microsoft.NET.Native.Framework.1.3\1.3\x86\ret\ILToc\System.Private.SharedLibrary.Interop.Generated.iltocpdb')) ausgewertet."
"Message",Low,"Die IlcErrorTask-Aufgabe wurde übersprungen, da die Bedingung ""false"" war . (!Exists('$(InputSharedAssemblyPath)\%(SharedLibraryContent.Identity)')) wurde als (!Exists('C:\Program Files (x86)\Microsoft SDKs\Windows Kits\10\ExtensionSDKs\Microsoft.NET.Native.Framework.1.3\1.3\x86\ret\ILTransformed\System.Collections.ildll')) ausgewertet."
"Message",Low,"Die IlcErrorTask-Aufgabe wurde übersprungen, da die Bedingung ""false"" war . (!Exists('$(InputSharedAssemblyPath)\%(SharedLibraryContent.Identity)')) wurde als (!Exists('C:\Program Files (x86)\Microsoft SDKs\Windows Kits\10\ExtensionSDKs\Microsoft.NET.Native.Framework.1.3\1.3\x86\ret\ILTransformed\System.Collections.Concurrent.ildll')) ausgewertet."
"Message",Low,"Die IlcErrorTask-Aufgabe wurde übersprungen, da die Bedingung ""false"" war . (!Exists('$(InputSharedAssemblyPath)\%(SharedLibraryContent.Identity)')) wurde als (!Exists('C:\Program Files (x86)\Microsoft SDKs\Windows Kits\10\ExtensionSDKs\Microsoft.NET.Native.Framework.1.3\1.3\x86\ret\ILTransformed\System.Diagnostics.Tracing.ildll')) ausgewertet."
"Message",Low,"Die IlcErrorTask-Aufgabe wurde übersprungen, da die Bedingung ""false"" war . (!Exists('$(InputSharedAssemblyPath)\%(SharedLibraryContent.Identity)')) wurde als (!Exists('C:\Program Files (x86)\Microsoft SDKs\Windows Kits\10\ExtensionSDKs\Microsoft.NET.Native.Framework.1.3\1.3\x86\ret\ILTransformed\System.Dynamic.Runtime.ildll')) ausgewertet."
"Message",Low,"Die IlcErrorTask-Aufgabe wurde übersprungen, da die Bedingung ""false"" war . (!Exists('$(InputSharedAssemblyPath)\%(SharedLibraryContent.Identity)')) wurde als (!Exists('C:\Program Files (x86)\Microsoft SDKs\Windows Kits\10\ExtensionSDKs\Microsoft.NET.Native.Framework.1.3\1.3\x86\ret\ILTransformed\System.IO.ildll')) ausgewertet."
"Message",Low,"Die IlcErrorTask-Aufgabe wurde übersprungen, da die Bedingung ""false"" war . (!Exists('$(InputSharedAssemblyPath)\%(SharedLibraryContent.Identity)')) wurde als (!Exists('C:\Program Files (x86)\Microsoft SDKs\Windows Kits\10\ExtensionSDKs\Microsoft.NET.Native.Framework.1.3\1.3\x86\ret\ILTransformed\System.Linq.ildll')) ausgewertet."
"Message",Low,"Die IlcErrorTask-Aufgabe wurde übersprungen, da die Bedingung ""false"" war . (!Exists('$(InputSharedAssemblyPath)\%(SharedLibraryContent.Identity)')) wurde als (!Exists('C:\Program Files (x86)\Microsoft SDKs\Windows Kits\10\ExtensionSDKs\Microsoft.NET.Native.Framework.1.3\1.3\x86\ret\ILTransformed\System.Linq.Expressions.ildll')) ausgewertet."
"Message",Low,"Die IlcErrorTask-Aufgabe wurde übersprungen, da die Bedingung ""false"" war . (!Exists('$(InputSharedAssemblyPath)\%(SharedLibraryContent.Identity)')) wurde als (!Exists('C:\Program Files (x86)\Microsoft SDKs\Windows Kits\10\ExtensionSDKs\Microsoft.NET.Native.Framework.1.3\1.3\x86\ret\ILTransformed\System.ObjectModel.ildll')) ausgewertet."
"Message",Low,"Die IlcErrorTask-Aufgabe wurde übersprungen, da die Bedingung ""false"" war . (!Exists('$(InputSharedAssemblyPath)\%(SharedLibraryContent.Identity)')) wurde als (!Exists('C:\Program Files (x86)\Microsoft SDKs\Windows Kits\10\ExtensionSDKs\Microsoft.NET.Native.Framework.1.3\1.3\x86\ret\ILTransformed\System.Private.CoreLib.ildll')) ausgewertet."
"Message",Low,"Die IlcErrorTask-Aufgabe wurde übersprungen, da die Bedingung ""false"" war . (!Exists('$(InputSharedAssemblyPath)\%(SharedLibraryContent.Identity)')) wurde als (!Exists('C:\Program Files (x86)\Microsoft SDKs\Windows Kits\10\ExtensionSDKs\Microsoft.NET.Native.Framework.1.3\1.3\x86\ret\ILTransformed\System.Private.Interop.ildll')) ausgewertet."
"Message",Low,"Die IlcErrorTask-Aufgabe wurde übersprungen, da die Bedingung ""false"" war . (!Exists('$(InputSharedAssemblyPath)\%(SharedLibraryContent.Identity)')) wurde als (!Exists('C:\Program Files (x86)\Microsoft SDKs\Windows Kits\10\ExtensionSDKs\Microsoft.NET.Native.Framework.1.3\1.3\x86\ret\ILTransformed\System.Private.Reflection.ildll')) ausgewertet."
"Message",Low,"Die IlcErrorTask-Aufgabe wurde übersprungen, da die Bedingung ""false"" war . (!Exists('$(InputSharedAssemblyPath)\%(SharedLibraryContent.Identity)')) wurde als (!Exists('C:\Program Files (x86)\Microsoft SDKs\Windows Kits\10\ExtensionSDKs\Microsoft.NET.Native.Framework.1.3\1.3\x86\ret\ILTransformed\System.Private.Reflection.Core.ildll')) ausgewertet."
"Message",Low,"Die IlcErrorTask-Aufgabe wurde übersprungen, da die Bedingung ""false"" war . (!Exists('$(InputSharedAssemblyPath)\%(SharedLibraryContent.Identity)')) wurde als (!Exists('C:\Program Files (x86)\Microsoft SDKs\Windows Kits\10\ExtensionSDKs\Microsoft.NET.Native.Framework.1.3\1.3\x86\ret\ILTransformed\System.Private.Reflection.Execution.ildll')) ausgewertet."
"Message",Low,"Die IlcErrorTask-Aufgabe wurde übersprungen, da die Bedingung ""false"" war . (!Exists('$(InputSharedAssemblyPath)\%(SharedLibraryContent.Identity)')) wurde als (!Exists('C:\Program Files (x86)\Microsoft SDKs\Windows Kits\10\ExtensionSDKs\Microsoft.NET.Native.Framework.1.3\1.3\x86\ret\ILTransformed\System.Private.Reflection.Metadata.ildll')) ausgewertet."
"Message",Low,"Die IlcErrorTask-Aufgabe wurde übersprungen, da die Bedingung ""false"" war . (!Exists('$(InputSharedAssemblyPath)\%(SharedLibraryContent.Identity)')) wurde als (!Exists('C:\Program Files (x86)\Microsoft SDKs\Windows Kits\10\ExtensionSDKs\Microsoft.NET.Native.Framework.1.3\1.3\x86\ret\ILTransformed\System.Private.Threading.ildll')) ausgewertet."
"Message",Low,"Die IlcErrorTask-Aufgabe wurde übersprungen, da die Bedingung ""false"" war . (!Exists('$(InputSharedAssemblyPath)\%(SharedLibraryContent.Identity)')) wurde als (!Exists('C:\Program Files (x86)\Microsoft SDKs\Windows Kits\10\ExtensionSDKs\Microsoft.NET.Native.Framework.1.3\1.3\x86\ret\ILTransformed\System.Private.TypeLoader.ildll')) ausgewertet."
"Message",Low,"Die IlcErrorTask-Aufgabe wurde übersprungen, da die Bedingung ""false"" war . (!Exists('$(InputSharedAssemblyPath)\%(SharedLibraryContent.Identity)')) wurde als (!Exists('C:\Program Files (x86)\Microsoft SDKs\Windows Kits\10\ExtensionSDKs\Microsoft.NET.Native.Framework.1.3\1.3\x86\ret\ILTransformed\System.Private.Uri.ildll')) ausgewertet."
"Message",Low,"Die IlcErrorTask-Aufgabe wurde übersprungen, da die Bedingung ""false"" war . (!Exists('$(InputSharedAssemblyPath)\%(SharedLibraryContent.Identity)')) wurde als (!Exists('C:\Program Files (x86)\Microsoft SDKs\Windows Kits\10\ExtensionSDKs\Microsoft.NET.Native.Framework.1.3\1.3\x86\ret\ILTransformed\System.Reflection.Extensions.ildll')) ausgewertet."
"Message",Low,"Die IlcErrorTask-Aufgabe wurde übersprungen, da die Bedingung ""false"" war . (!Exists('$(InputSharedAssemblyPath)\%(SharedLibraryContent.Identity)')) wurde als (!Exists('C:\Program Files (x86)\Microsoft SDKs\Windows Kits\10\ExtensionSDKs\Microsoft.NET.Native.Framework.1.3\1.3\x86\ret\ILTransformed\System.Reflection.Primitives.ildll')) ausgewertet."
"Message",Low,"Die IlcErrorTask-Aufgabe wurde übersprungen, da die Bedingung ""false"" war . (!Exists('$(InputSharedAssemblyPath)\%(SharedLibraryContent.Identity)')) wurde als (!Exists('C:\Program Files (x86)\Microsoft SDKs\Windows Kits\10\ExtensionSDKs\Microsoft.NET.Native.Framework.1.3\1.3\x86\ret\ILTransformed\System.Reflection.TypeExtensions.ildll')) ausgewertet."
"Message",Low,"Die IlcErrorTask-Aufgabe wurde übersprungen, da die Bedingung ""false"" war . (!Exists('$(InputSharedAssemblyPath)\%(SharedLibraryContent.Identity)')) wurde als (!Exists('C:\Program Files (x86)\Microsoft SDKs\Windows Kits\10\ExtensionSDKs\Microsoft.NET.Native.Framework.1.3\1.3\x86\ret\ILTransformed\System.Resources.ResourceManager.ildll')) ausgewertet."
"Message",Low,"Die IlcErrorTask-Aufgabe wurde übersprungen, da die Bedingung ""false"" war . (!Exists('$(InputSharedAssemblyPath)\%(SharedLibraryContent.Identity)')) wurde als (!Exists('C:\Program Files (x86)\Microsoft SDKs\Windows Kits\10\ExtensionSDKs\Microsoft.NET.Native.Framework.1.3\1.3\x86\ret\ILTransformed\System.Runtime.Extensions.ildll')) ausgewertet."
"Message",Low,"Die IlcErrorTask-Aufgabe wurde übersprungen, da die Bedingung ""false"" war . (!Exists('$(InputSharedAssemblyPath)\%(SharedLibraryContent.Identity)')) wurde als (!Exists('C:\Program Files (x86)\Microsoft SDKs\Windows Kits\10\ExtensionSDKs\Microsoft.NET.Native.Framework.1.3\1.3\x86\ret\ILTransformed\System.Runtime.Implementation.ildll')) ausgewertet."
"Message",Low,"Die IlcErrorTask-Aufgabe wurde übersprungen, da die Bedingung ""false"" war . (!Exists('$(InputSharedAssemblyPath)\%(SharedLibraryContent.Identity)')) wurde als (!Exists('C:\Program Files (x86)\Microsoft SDKs\Windows Kits\10\ExtensionSDKs\Microsoft.NET.Native.Framework.1.3\1.3\x86\ret\ILTransformed\System.Text.RegularExpressions.ildll')) ausgewertet."
"Message",Low,"Die IlcErrorTask-Aufgabe wurde übersprungen, da die Bedingung ""false"" war . (!Exists('$(InputSharedAssemblyPath)\%(SharedLibraryContent.Identity)')) wurde als (!Exists('C:\Program Files (x86)\Microsoft SDKs\Windows Kits\10\ExtensionSDKs\Microsoft.NET.Native.Framework.1.3\1.3\x86\ret\ILTransformed\System.Private.SharedLibrary.Interop.Generated.ildll')) ausgewertet."
"Message",Low,"Die IlcErrorTask-Aufgabe wurde übersprungen, da die Bedingung ""false"" war . (!Exists('$(InputSharedAssemblyPath)\%(SharedLibraryContent.Identity)')) wurde als (!Exists('C:\Program Files (x86)\Microsoft SDKs\Windows Kits\10\ExtensionSDKs\Microsoft.NET.Native.Framework.1.3\1.3\x86\ret\ILTransformed\System.Collections.ilpdb')) ausgewertet."
"Message",Low,"Die IlcErrorTask-Aufgabe wurde übersprungen, da die Bedingung ""false"" war . (!Exists('$(InputSharedAssemblyPath)\%(SharedLibraryContent.Identity)')) wurde als (!Exists('C:\Program Files (x86)\Microsoft SDKs\Windows Kits\10\ExtensionSDKs\Microsoft.NET.Native.Framework.1.3\1.3\x86\ret\ILTransformed\System.Collections.Concurrent.ilpdb')) ausgewertet."
"Message",Low,"Die IlcErrorTask-Aufgabe wurde übersprungen, da die Bedingung ""false"" war . (!Exists('$(InputSharedAssemblyPath)\%(SharedLibraryContent.Identity)')) wurde als (!Exists('C:\Program Files (x86)\Microsoft SDKs\Windows Kits\10\ExtensionSDKs\Microsoft.NET.Native.Framework.1.3\1.3\x86\ret\ILTransformed\System.Diagnostics.Tracing.ilpdb')) ausgewertet."
"Message",Low,"Die IlcErrorTask-Aufgabe wurde übersprungen, da die Bedingung ""false"" war . (!Exists('$(InputSharedAssemblyPath)\%(SharedLibraryContent.Identity)')) wurde als (!Exists('C:\Program Files (x86)\Microsoft SDKs\Windows Kits\10\ExtensionSDKs\Microsoft.NET.Native.Framework.1.3\1.3\x86\ret\ILTransformed\System.Dynamic.Runtime.ilpdb')) ausgewertet."
"Message",Low,"Die IlcErrorTask-Aufgabe wurde übersprungen, da die Bedingung ""false"" war . (!Exists('$(InputSharedAssemblyPath)\%(SharedLibraryContent.Identity)')) wurde als (!Exists('C:\Program Files (x86)\Microsoft SDKs\Windows Kits\10\ExtensionSDKs\Microsoft.NET.Native.Framework.1.3\1.3\x86\ret\ILTransformed\System.IO.ilpdb')) ausgewertet."
"Message",Low,"Die IlcErrorTask-Aufgabe wurde übersprungen, da die Bedingung ""false"" war . (!Exists('$(InputSharedAssemblyPath)\%(SharedLibraryContent.Identity)')) wurde als (!Exists('C:\Program Files (x86)\Microsoft SDKs\Windows Kits\10\ExtensionSDKs\Microsoft.NET.Native.Framework.1.3\1.3\x86\ret\ILTransformed\System.Linq.ilpdb')) ausgewertet."
"Message",Low,"Die IlcErrorTask-Aufgabe wurde übersprungen, da die Bedingung ""false"" war . (!Exists('$(InputSharedAssemblyPath)\%(SharedLibraryContent.Identity)')) wurde als (!Exists('C:\Program Files (x86)\Microsoft SDKs\Windows Kits\10\ExtensionSDKs\Microsoft.NET.Native.Framework.1.3\1.3\x86\ret\ILTransformed\System.Linq.Expressions.ilpdb')) ausgewertet."
"Message",Low,"Die IlcErrorTask-Aufgabe wurde übersprungen, da die Bedingung ""false"" war . (!Exists('$(InputSharedAssemblyPath)\%(SharedLibraryContent.Identity)')) wurde als (!Exists('C:\Program Files (x86)\Microsoft SDKs\Windows Kits\10\ExtensionSDKs\Microsoft.NET.Native.Framework.1.3\1.3\x86\ret\ILTransformed\System.ObjectModel.ilpdb')) ausgewertet."
"Message",Low,"Die IlcErrorTask-Aufgabe wurde übersprungen, da die Bedingung ""false"" war . (!Exists('$(InputSharedAssemblyPath)\%(SharedLibraryContent.Identity)')) wurde als (!Exists('C:\Program Files (x86)\Microsoft SDKs\Windows Kits\10\ExtensionSDKs\Microsoft.NET.Native.Framework.1.3\1.3\x86\ret\ILTransformed\System.Private.CoreLib.ilpdb')) ausgewertet."
"Message",Low,"Die IlcErrorTask-Aufgabe wurde übersprungen, da die Bedingung ""false"" war . (!Exists('$(InputSharedAssemblyPath)\%(SharedLibraryContent.Identity)')) wurde als (!Exists('C:\Program Files (x86)\Microsoft SDKs\Windows Kits\10\ExtensionSDKs\Microsoft.NET.Native.Framework.1.3\1.3\x86\ret\ILTransformed\System.Private.Interop.ilpdb')) ausgewertet."
"Message",Low,"Die IlcErrorTask-Aufgabe wurde übersprungen, da die Bedingung ""false"" war . (!Exists('$(InputSharedAssemblyPath)\%(SharedLibraryContent.Identity)')) wurde als (!Exists('C:\Program Files (x86)\Microsoft SDKs\Windows Kits\10\ExtensionSDKs\Microsoft.NET.Native.Framework.1.3\1.3\x86\ret\ILTransformed\System.Private.Reflection.ilpdb')) ausgewertet."
"Message",Low,"Die IlcErrorTask-Aufgabe wurde übersprungen, da die Bedingung ""false"" war . (!Exists('$(InputSharedAssemblyPath)\%(SharedLibraryContent.Identity)')) wurde als (!Exists('C:\Program Files (x86)\Microsoft SDKs\Windows Kits\10\ExtensionSDKs\Microsoft.NET.Native.Framework.1.3\1.3\x86\ret\ILTransformed\System.Private.Reflection.Core.ilpdb')) ausgewertet."
"Message",Low,"Die IlcErrorTask-Aufgabe wurde übersprungen, da die Bedingung ""false"" war . (!Exists('$(InputSharedAssemblyPath)\%(SharedLibraryContent.Identity)')) wurde als (!Exists('C:\Program Files (x86)\Microsoft SDKs\Windows Kits\10\ExtensionSDKs\Microsoft.NET.Native.Framework.1.3\1.3\x86\ret\ILTransformed\System.Private.Reflection.Execution.ilpdb')) ausgewertet."
"Message",Low,"Die IlcErrorTask-Aufgabe wurde übersprungen, da die Bedingung ""false"" war . (!Exists('$(InputSharedAssemblyPath)\%(SharedLibraryContent.Identity)')) wurde als (!Exists('C:\Program Files (x86)\Microsoft SDKs\Windows Kits\10\ExtensionSDKs\Microsoft.NET.Native.Framework.1.3\1.3\x86\ret\ILTransformed\System.Private.Reflection.Metadata.ilpdb')) ausgewertet."
"Message",Low,"Die IlcErrorTask-Aufgabe wurde übersprungen, da die Bedingung ""false"" war . (!Exists('$(InputSharedAssemblyPath)\%(SharedLibraryContent.Identity)')) wurde als (!Exists('C:\Program Files (x86)\Microsoft SDKs\Windows Kits\10\ExtensionSDKs\Microsoft.NET.Native.Framework.1.3\1.3\x86\ret\ILTransformed\System.Private.Threading.ilpdb')) ausgewertet."
"Message",Low,"Die IlcErrorTask-Aufgabe wurde übersprungen, da die Bedingung ""false"" war . (!Exists('$(InputSharedAssemblyPath)\%(SharedLibraryContent.Identity)')) wurde als (!Exists('C:\Program Files (x86)\Microsoft SDKs\Windows Kits\10\ExtensionSDKs\Microsoft.NET.Native.Framework.1.3\1.3\x86\ret\ILTransformed\System.Private.TypeLoader.ilpdb')) ausgewertet."
"Message",Low,"Die IlcErrorTask-Aufgabe wurde übersprungen, da die Bedingung ""false"" war . (!Exists('$(InputSharedAssemblyPath)\%(SharedLibraryContent.Identity)')) wurde als (!Exists('C:\Program Files (x86)\Microsoft SDKs\Windows Kits\10\ExtensionSDKs\Microsoft.NET.Native.Framework.1.3\1.3\x86\ret\ILTransformed\System.Private.Uri.ilpdb')) ausgewertet."
"Message",Low,"Die IlcErrorTask-Aufgabe wurde übersprungen, da die Bedingung ""false"" war . (!Exists('$(InputSharedAssemblyPath)\%(SharedLibraryContent.Identity)')) wurde als (!Exists('C:\Program Files (x86)\Microsoft SDKs\Windows Kits\10\ExtensionSDKs\Microsoft.NET.Native.Framework.1.3\1.3\x86\ret\ILTransformed\System.Reflection.Extensions.ilpdb')) ausgewertet."
"Message",Low,"Die IlcErrorTask-Aufgabe wurde übersprungen, da die Bedingung ""false"" war . (!Exists('$(InputSharedAssemblyPath)\%(SharedLibraryContent.Identity)')) wurde als (!Exists('C:\Program Files (x86)\Microsoft SDKs\Windows Kits\10\ExtensionSDKs\Microsoft.NET.Native.Framework.1.3\1.3\x86\ret\ILTransformed\System.Reflection.Primitives.ilpdb')) ausgewertet."
"Message",Low,"Die IlcErrorTask-Aufgabe wurde übersprungen, da die Bedingung ""false"" war . (!Exists('$(InputSharedAssemblyPath)\%(SharedLibraryContent.Identity)')) wurde als (!Exists('C:\Program Files (x86)\Microsoft SDKs\Windows Kits\10\ExtensionSDKs\Microsoft.NET.Native.Framework.1.3\1.3\x86\ret\ILTransformed\System.Reflection.TypeExtensions.ilpdb')) ausgewertet."
"Message",Low,"Die IlcErrorTask-Aufgabe wurde übersprungen, da die Bedingung ""false"" war . (!Exists('$(InputSharedAssemblyPath)\%(SharedLibraryContent.Identity)')) wurde als (!Exists('C:\Program Files (x86)\Microsoft SDKs\Windows Kits\10\ExtensionSDKs\Microsoft.NET.Native.Framework.1.3\1.3\x86\ret\ILTransformed\System.Resources.ResourceManager.ilpdb')) ausgewertet."
"Message",Low,"Die IlcErrorTask-Aufgabe wurde übersprungen, da die Bedingung ""false"" war . (!Exists('$(InputSharedAssemblyPath)\%(SharedLibraryContent.Identity)')) wurde als (!Exists('C:\Program Files (x86)\Microsoft SDKs\Windows Kits\10\ExtensionSDKs\Microsoft.NET.Native.Framework.1.3\1.3\x86\ret\ILTransformed\System.Runtime.Extensions.ilpdb')) ausgewertet."
"Message",Low,"Die IlcErrorTask-Aufgabe wurde übersprungen, da die Bedingung ""false"" war . (!Exists('$(InputSharedAssemblyPath)\%(SharedLibraryContent.Identity)')) wurde als (!Exists('C:\Program Files (x86)\Microsoft SDKs\Windows Kits\10\ExtensionSDKs\Microsoft.NET.Native.Framework.1.3\1.3\x86\ret\ILTransformed\System.Runtime.Implementation.ilpdb')) ausgewertet."
"Message",Low,"Die IlcErrorTask-Aufgabe wurde übersprungen, da die Bedingung ""false"" war . (!Exists('$(InputSharedAssemblyPath)\%(SharedLibraryContent.Identity)')) wurde als (!Exists('C:\Program Files (x86)\Microsoft SDKs\Windows Kits\10\ExtensionSDKs\Microsoft.NET.Native.Framework.1.3\1.3\x86\ret\ILTransformed\System.Text.RegularExpressions.ilpdb')) ausgewertet."
"Message",Low,"Die IlcErrorTask-Aufgabe wurde übersprungen, da die Bedingung ""false"" war . (!Exists('$(InputSharedAssemblyPath)\%(SharedLibraryContent.Identity)')) wurde als (!Exists('C:\Program Files (x86)\Microsoft SDKs\Windows Kits\10\ExtensionSDKs\Microsoft.NET.Native.Framework.1.3\1.3\x86\ret\ILTransformed\System.Private.SharedLibrary.Interop.Generated.ilpdb')) ausgewertet."
"Message",Low,"Die IlcErrorTask-Aufgabe wurde übersprungen, da die Bedingung ""false"" war . (!Exists('$(InputSharedAssemblyPath)\%(SharedLibraryContent.Identity)')) wurde als (!Exists('C:\Program Files (x86)\Microsoft SDKs\Windows Kits\10\ExtensionSDKs\Microsoft.NET.Native.Framework.1.3\1.3\x86\ret\Toc\System.Collections.toc')) ausgewertet."
"Message",Low,"Die IlcErrorTask-Aufgabe wurde übersprungen, da die Bedingung ""false"" war . (!Exists('$(InputSharedAssemblyPath)\%(SharedLibraryContent.Identity)')) wurde als (!Exists('C:\Program Files (x86)\Microsoft SDKs\Windows Kits\10\ExtensionSDKs\Microsoft.NET.Native.Framework.1.3\1.3\x86\ret\Toc\System.Collections.Concurrent.toc')) ausgewertet."
"Message",Low,"Die IlcErrorTask-Aufgabe wurde übersprungen, da die Bedingung ""false"" war . (!Exists('$(InputSharedAssemblyPath)\%(SharedLibraryContent.Identity)')) wurde als (!Exists('C:\Program Files (x86)\Microsoft SDKs\Windows Kits\10\ExtensionSDKs\Microsoft.NET.Native.Framework.1.3\1.3\x86\ret\Toc\System.Diagnostics.Tracing.toc')) ausgewertet."
"Message",Low,"Die IlcErrorTask-Aufgabe wurde übersprungen, da die Bedingung ""false"" war . (!Exists('$(InputSharedAssemblyPath)\%(SharedLibraryContent.Identity)')) wurde als (!Exists('C:\Program Files (x86)\Microsoft SDKs\Windows Kits\10\ExtensionSDKs\Microsoft.NET.Native.Framework.1.3\1.3\x86\ret\Toc\System.Dynamic.Runtime.toc')) ausgewertet."
"Message",Low,"Die IlcErrorTask-Aufgabe wurde übersprungen, da die Bedingung ""false"" war . (!Exists('$(InputSharedAssemblyPath)\%(SharedLibraryContent.Identity)')) wurde als (!Exists('C:\Program Files (x86)\Microsoft SDKs\Windows Kits\10\ExtensionSDKs\Microsoft.NET.Native.Framework.1.3\1.3\x86\ret\Toc\System.IO.toc')) ausgewertet."
"Message",Low,"Die IlcErrorTask-Aufgabe wurde übersprungen, da die Bedingung ""false"" war . (!Exists('$(InputSharedAssemblyPath)\%(SharedLibraryContent.Identity)')) wurde als (!Exists('C:\Program Files (x86)\Microsoft SDKs\Windows Kits\10\ExtensionSDKs\Microsoft.NET.Native.Framework.1.3\1.3\x86\ret\Toc\System.Linq.toc')) ausgewertet."
"Message",Low,"Die IlcErrorTask-Aufgabe wurde übersprungen, da die Bedingung ""false"" war . (!Exists('$(InputSharedAssemblyPath)\%(SharedLibraryContent.Identity)')) wurde als (!Exists('C:\Program Files (x86)\Microsoft SDKs\Windows Kits\10\ExtensionSDKs\Microsoft.NET.Native.Framework.1.3\1.3\x86\ret\Toc\System.Linq.Expressions.toc')) ausgewertet."
"Message",Low,"Die IlcErrorTask-Aufgabe wurde übersprungen, da die Bedingung ""false"" war . (!Exists('$(InputSharedAssemblyPath)\%(SharedLibraryContent.Identity)')) wurde als (!Exists('C:\Program Files (x86)\Microsoft SDKs\Windows Kits\10\ExtensionSDKs\Microsoft.NET.Native.Framework.1.3\1.3\x86\ret\Toc\System.ObjectModel.toc')) ausgewertet."
"Message",Low,"Die IlcErrorTask-Aufgabe wurde übersprungen, da die Bedingung ""false"" war . (!Exists('$(InputSharedAssemblyPath)\%(SharedLibraryContent.Identity)')) wurde als (!Exists('C:\Program Files (x86)\Microsoft SDKs\Windows Kits\10\ExtensionSDKs\Microsoft.NET.Native.Framework.1.3\1.3\x86\ret\Toc\System.Private.CoreLib.toc')) ausgewertet."
"Message",Low,"Die IlcErrorTask-Aufgabe wurde übersprungen, da die Bedingung ""false"" war . (!Exists('$(InputSharedAssemblyPath)\%(SharedLibraryContent.Identity)')) wurde als (!Exists('C:\Program Files (x86)\Microsoft SDKs\Windows Kits\10\ExtensionSDKs\Microsoft.NET.Native.Framework.1.3\1.3\x86\ret\Toc\System.Private.Interop.toc')) ausgewertet."
"Message",Low,"Die IlcErrorTask-Aufgabe wurde übersprungen, da die Bedingung ""false"" war . (!Exists('$(InputSharedAssemblyPath)\%(SharedLibraryContent.Identity)')) wurde als (!Exists('C:\Program Files (x86)\Microsoft SDKs\Windows Kits\10\ExtensionSDKs\Microsoft.NET.Native.Framework.1.3\1.3\x86\ret\Toc\System.Private.Reflection.toc')) ausgewertet."
"Message",Low,"Die IlcErrorTask-Aufgabe wurde übersprungen, da die Bedingung ""false"" war . (!Exists('$(InputSharedAssemblyPath)\%(SharedLibraryContent.Identity)')) wurde als (!Exists('C:\Program Files (x86)\Microsoft SDKs\Windows Kits\10\ExtensionSDKs\Microsoft.NET.Native.Framework.1.3\1.3\x86\ret\Toc\System.Private.Reflection.Core.toc')) ausgewertet."
"Message",Low,"Die IlcErrorTask-Aufgabe wurde übersprungen, da die Bedingung ""false"" war . (!Exists('$(InputSharedAssemblyPath)\%(SharedLibraryContent.Identity)')) wurde als (!Exists('C:\Program Files (x86)\Microsoft SDKs\Windows Kits\10\ExtensionSDKs\Microsoft.NET.Native.Framework.1.3\1.3\x86\ret\Toc\System.Private.Reflection.Execution.toc')) ausgewertet."
"Message",Low,"Die IlcErrorTask-Aufgabe wurde übersprungen, da die Bedingung ""false"" war . (!Exists('$(InputSharedAssemblyPath)\%(SharedLibraryContent.Identity)')) wurde als (!Exists('C:\Program Files (x86)\Microsoft SDKs\Windows Kits\10\ExtensionSDKs\Microsoft.NET.Native.Framework.1.3\1.3\x86\ret\Toc\System.Private.Reflection.Metadata.toc')) ausgewertet."
"Message",Low,"Die IlcErrorTask-Aufgabe wurde übersprungen, da die Bedingung ""false"" war . (!Exists('$(InputSharedAssemblyPath)\%(SharedLibraryContent.Identity)')) wurde als (!Exists('C:\Program Files (x86)\Microsoft SDKs\Windows Kits\10\ExtensionSDKs\Microsoft.NET.Native.Framework.1.3\1.3\x86\ret\Toc\System.Private.Threading.toc')) ausgewertet."
"Message",Low,"Die IlcErrorTask-Aufgabe wurde übersprungen, da die Bedingung ""false"" war . (!Exists('$(InputSharedAssemblyPath)\%(SharedLibraryContent.Identity)')) wurde als (!Exists('C:\Program Files (x86)\Microsoft SDKs\Windows Kits\10\ExtensionSDKs\Microsoft.NET.Native.Framework.1.3\1.3\x86\ret\Toc\System.Private.TypeLoader.toc')) ausgewertet."
"Message",Low,"Die IlcErrorTask-Aufgabe wurde übersprungen, da die Bedingung ""false"" war . (!Exists('$(InputSharedAssemblyPath)\%(SharedLibraryContent.Identity)')) wurde als (!Exists('C:\Program Files (x86)\Microsoft SDKs\Windows Kits\10\ExtensionSDKs\Microsoft.NET.Native.Framework.1.3\1.3\x86\ret\Toc\System.Private.Uri.toc')) ausgewertet."
"Message",Low,"Die IlcErrorTask-Aufgabe wurde übersprungen, da die Bedingung ""false"" war . (!Exists('$(InputSharedAssemblyPath)\%(SharedLibraryContent.Identity)')) wurde als (!Exists('C:\Program Files (x86)\Microsoft SDKs\Windows Kits\10\ExtensionSDKs\Microsoft.NET.Native.Framework.1.3\1.3\x86\ret\Toc\System.Reflection.Extensions.toc')) ausgewertet."
"Message",Low,"Die IlcErrorTask-Aufgabe wurde übersprungen, da die Bedingung ""false"" war . (!Exists('$(InputSharedAssemblyPath)\%(SharedLibraryContent.Identity)')) wurde als (!Exists('C:\Program Files (x86)\Microsoft SDKs\Windows Kits\10\ExtensionSDKs\Microsoft.NET.Native.Framework.1.3\1.3\x86\ret\Toc\System.Reflection.Primitives.toc')) ausgewertet."
"Message",Low,"Die IlcErrorTask-Aufgabe wurde übersprungen, da die Bedingung ""false"" war . (!Exists('$(InputSharedAssemblyPath)\%(SharedLibraryContent.Identity)')) wurde als (!Exists('C:\Program Files (x86)\Microsoft SDKs\Windows Kits\10\ExtensionSDKs\Microsoft.NET.Native.Framework.1.3\1.3\x86\ret\Toc\System.Reflection.TypeExtensions.toc')) ausgewertet."
"Message",Low,"Die IlcErrorTask-Aufgabe wurde übersprungen, da die Bedingung ""false"" war . (!Exists('$(InputSharedAssemblyPath)\%(SharedLibraryContent.Identity)')) wurde als (!Exists('C:\Program Files (x86)\Microsoft SDKs\Windows Kits\10\ExtensionSDKs\Microsoft.NET.Native.Framework.1.3\1.3\x86\ret\Toc\System.Resources.ResourceManager.toc')) ausgewertet."
"Message",Low,"Die IlcErrorTask-Aufgabe wurde übersprungen, da die Bedingung ""false"" war . (!Exists('$(InputSharedAssemblyPath)\%(SharedLibraryContent.Identity)')) wurde als (!Exists('C:\Program Files (x86)\Microsoft SDKs\Windows Kits\10\ExtensionSDKs\Microsoft.NET.Native.Framework.1.3\1.3\x86\ret\Toc\System.Runtime.Extensions.toc')) ausgewertet."
"Message",Low,"Die IlcErrorTask-Aufgabe wurde übersprungen, da die Bedingung ""false"" war . (!Exists('$(InputSharedAssemblyPath)\%(SharedLibraryContent.Identity)')) wurde als (!Exists('C:\Program Files (x86)\Microsoft SDKs\Windows Kits\10\ExtensionSDKs\Microsoft.NET.Native.Framework.1.3\1.3\x86\ret\Toc\System.Runtime.Implementation.toc')) ausgewertet."
"Message",Low,"Die IlcErrorTask-Aufgabe wurde übersprungen, da die Bedingung ""false"" war . (!Exists('$(InputSharedAssemblyPath)\%(SharedLibraryContent.Identity)')) wurde als (!Exists('C:\Program Files (x86)\Microsoft SDKs\Windows Kits\10\ExtensionSDKs\Microsoft.NET.Native.Framework.1.3\1.3\x86\ret\Toc\System.Text.RegularExpressions.toc')) ausgewertet."
"Message",Low,"Die IlcErrorTask-Aufgabe wurde übersprungen, da die Bedingung ""false"" war . (!Exists('$(InputSharedAssemblyPath)\%(SharedLibraryContent.Identity)')) wurde als (!Exists('C:\Program Files (x86)\Microsoft SDKs\Windows Kits\10\ExtensionSDKs\Microsoft.NET.Native.Framework.1.3\1.3\x86\ret\Toc\System.Private.SharedLibrary.Interop.Generated.toc')) ausgewertet."
"Message",Low,"Die IlcErrorTask-Aufgabe wurde übersprungen, da die Bedingung ""false"" war . (!Exists('$(InputSharedAssemblyPath)\%(SharedLibraryContent.Identity)')) wurde als (!Exists('C:\Program Files (x86)\Microsoft SDKs\Windows Kits\10\ExtensionSDKs\Microsoft.NET.Native.Framework.1.3\1.3\x86\ret\MDIL\SharedLibrary.mdildll')) ausgewertet."
"Message",Low,"Die Erstellung des Ziels ""SetForSharedInputs"" im Projekt ""Unnamed_1"" ist abgeschlossen."
"Message",Low,"Das Ziel ""SetForBuildSharedAssemblies"" wurde übersprungen, da die Bedingung ""false"" war . ('$(BuildSharedAssemblies)' == 'true') wurde als ('false' == 'true') ausgewertet."
"Message",Low,"Ziel ""ResolveInitialReferences"" in Datei ""C:\Program Files (x86)\MSBuild\Microsoft\.NetNative\x86\ilc\IlcInternals.targets"" aus Projekt ""D:\UnityProjects\hololensdev\projectIR\App\KHL_TxRx\Unnamed_1"" (Ziel ""RunILTransforms"" ist davon abhängig):"
"Message",Low,"ResolveFilePathTask-Aufgabe"
"Message",Low,"Ausführen der ResolveFilePathTask-Aufgabe beendet."
"Message",Low,"Die IlcErrorTask-Aufgabe wurde übersprungen, da die Bedingung ""false"" war . ('@(UnresolvedInitialAssemblyClosureRoots)' != '') wurde als ('' != '') ausgewertet."
"Message",Low,"ResolveFilePathTask-Aufgabe"
"Message",Low,"Ausführen der ResolveFilePathTask-Aufgabe beendet."
"Message",Low,"Die IlcErrorTask-Aufgabe wurde übersprungen, da die Bedingung ""false"" war . ('@(UnresolvedManagedDllFilesErrorParameters)'!='') wurde als (''!='') ausgewertet."
"Message",Low,"Message-Aufgabe"
"Message",Normal,"Running AssemblyClosureTask in ResolveInitialReferences (1)"
"Message",Low,"Ausführen der Message-Aufgabe beendet."
"Message",Low,"AssemblyClosureTask-Aufgabe"
"Message",Low,"Ausführen der AssemblyClosureTask-Aufgabe beendet."
"Message",Low,"Message-Aufgabe"
"Message",Normal,"Running AssemblyClosureTask in ResolveInitialReferences (2)"
"Message",Low,"Ausführen der Message-Aufgabe beendet."
"Message",Low,"AssemblyClosureTask-Aufgabe"
"Message",Low,"Ausführen der AssemblyClosureTask-Aufgabe beendet."
"Message",Low,"Die RemoveDuplicates-Aufgabe aus der Microsoft.Build.Tasks.v4.0, Version=4.0.0.0, Culture=neutral, PublicKeyToken=b03f5f7f11d50a3a-Assembly wird verwendet."
"Message",Low,"RemoveDuplicates-Aufgabe"
"Message",Low,"Ausführen der RemoveDuplicates-Aufgabe beendet."
"Message",Low,"Die Erstellung des Ziels ""ResolveInitialReferences"" im Projekt ""Unnamed_1"" ist abgeschlossen."
"Message",Low,"Ziel ""RunILTransforms"" in Datei ""C:\Program Files (x86)\MSBuild\Microsoft\.NetNative\x86\ilc\IlcInternals.targets"" aus Projekt ""D:\UnityProjects\hololensdev\projectIR\App\KHL_TxRx\Unnamed_1"" (Ziel ""MDILPrepareMultiFile"" ist davon abhängig):"
"Message",Low,"Das Ziel ""RunILTransforms"" wird vollständig erstellt."
"Message",Low,"Die Ausgabedatei ""D:\UnityProjects\hololensdev\projectIR\App\KHL_TxRx\obj\x86\Master\ilc\intermediate\ILTransformed\KHL_TxRx.ilexe"" ist nicht vorhanden."
"Message",Low,"IlcMessageTask-Aufgabe"
"Message",High,"Processing application code"
"Message",Low,"Ausführen der IlcMessageTask-Aufgabe beendet."
"Message",Low,"Die ValidateSimpleNamesTask-Aufgabe aus der C:\Program Files (x86)\MSBuild\Microsoft\.NetNative\x86\ilc\ilc.exe-Assembly wird verwendet."
"Message",Low,"ValidateSimpleNamesTask-Aufgabe"
"Message",Low,"Ausführen der ValidateSimpleNamesTask-Aufgabe beendet."
"Message",Low,"MakeDir-Aufgabe"
"Message",Normal,"Das Verzeichnis ""D:\UnityProjects\hololensdev\projectIR\App\KHL_TxRx\obj\x86\Master\ilc\intermediate\ILTransformed\"" wird erstellt."
"Message",Low,"Ausführen der MakeDir-Aufgabe beendet."
"Message",Low,"Die MakeDir-Aufgabe wurde übersprungen, da die Bedingung ""false"" war . ('$(BuildSharedAssemblies)' == 'true') wurde als ('false' == 'true') ausgewertet."
"Message",Low,"Die MakeDir-Aufgabe wurde übersprungen, da die Bedingung ""false"" war . ('$(BuildSharedAssemblies)' == 'true') wurde als ('false' == 'true') ausgewertet."
"Message",Low,"Die IlcErrorTask-Aufgabe wurde übersprungen, da die Bedingung ""false"" war . ('$(PlatformTarget)'=='') wurde als ('x86'=='') ausgewertet."
"Message",Low,"ResolveFilePathTask-Aufgabe"
"Message",Low,"Ausführen der ResolveFilePathTask-Aufgabe beendet."
"Message",Low,"Die IlcErrorTask-Aufgabe wurde übersprungen, da die Bedingung ""false"" war . ('@(UnresolvedMcgSourceContractsReferencesErrorParameters)'!='') wurde als (''!='') ausgewertet."
"Message",Low,"ResolveFilePathTask-Aufgabe"
"Message",Low,"Ausführen der ResolveFilePathTask-Aufgabe beendet."
"Message",Low,"Die IlcErrorTask-Aufgabe wurde übersprungen, da die Bedingung ""false"" war . ('@(UnresolvedMcgSourceFacadeErrorParameters)'!='') wurde als (''!='') ausgewertet."
"Message",Low,"ResolveFilePathTask-Aufgabe"
"Message",Low,"Ausführen der ResolveFilePathTask-Aufgabe beendet."
"Message",Low,"Die IlcErrorTask-Aufgabe wurde übersprungen, da die Bedingung ""false"" war . ('@(UnresolvedFinalAssemblyClosureRoots)' != '') wurde als ('' != '') ausgewertet."
"Message",Low,"ResolveFilePathTask-Aufgabe"
"Message",Low,"Ausführen der ResolveFilePathTask-Aufgabe beendet."
"Message",Low,"Die IlcErrorTask-Aufgabe wurde übersprungen, da die Bedingung ""false"" war . ('@(UnresolvedManagedDllFilesErrorParameters)'!='') wurde als (''!='') ausgewertet."
"Message",Low,"Message-Aufgabe"
"Message",Normal,"Running AssemblyClosureTask in RunILTransforms"
"Message",Low,"Ausführen der Message-Aufgabe beendet."
"Message",Low,"AssemblyClosureTask-Aufgabe"
"Message",Low,"Ausführen der AssemblyClosureTask-Aufgabe beendet."
"Message",Low,"Die ResolveFilePathTask-Aufgabe wurde übersprungen, da die Bedingung ""false"" war . ('$(UseSharedAssemblies)' != 'true') wurde als ('true' != 'true') ausgewertet."
"Message",Low,"Die IlcErrorTask-Aufgabe wurde übersprungen, da die Bedingung ""false"" war . ('@(UnresolvedCoreAssemblyErrorParameters)'!='') wurde als (''!='') ausgewertet."
"Message",Low,"RemoveDuplicates-Aufgabe"
"Message",Low,"Ausführen der RemoveDuplicates-Aufgabe beendet."
"Message",Low,"Die AddToNativePackageTask-Aufgabe wurde übersprungen, da die Bedingung ""false"" war . ('@(NeedsClrCompression)' != '') wurde als ('' != '') ausgewertet."
"Message",Low,"MakeDir-Aufgabe"
"Message",Normal,"Das Verzeichnis ""D:\UnityProjects\hololensdev\projectIR\App\KHL_TxRx\obj\x86\Master\ilc\intermediate\SgGenerated"" wird erstellt."
"Message",Low,"Ausführen der MakeDir-Aufgabe beendet."
"Message",Low,"WriteLinesToFile-Aufgabe"
"Message",Low,"Ausführen der WriteLinesToFile-Aufgabe beendet."
"Message",Low,"MakeDir-Aufgabe"
"Message",Normal,"Das Verzeichnis ""D:\UnityProjects\hololensdev\projectIR\App\KHL_TxRx\obj\x86\Master\ilc\intermediate\ResW\"" wird erstellt."
"Message",Low,"Ausführen der MakeDir-Aufgabe beendet."
"Message",Low,"Die IlcWarningTask-Aufgabe wurde übersprungen, da die Bedingung ""false"" war . ('$(BuildSharedAssemblies)' != 'true' and '@(ReducerInputFiles)' == '') wurde als ('false' != 'true' and 'D:\UnityProjects\hololensdev\projectIR\App\KHL_TxRx\obj\x86\Master\ilc\in\Properties\Default.rd.xml' == '') ausgewertet."
"Message",Low,"ILTransformTask-Aufgabe"
"Message",Normal,"Running 'Analysis' transform, heap at 13 MB."
"Message",Low,"Loading 96 modules..."
"Message",Normal,"Imported reflection directives from 16 files:"
"Message",Normal,"D:\UnityProjects\hololensdev\projectIR\App\KHL_TxRx\obj\x86\Master\ilc\in\Properties\Default.rd.xml"
"Message",Normal,"Embedded manifest in System.Diagnostics.Tracing: Resources.System.Diagnostics.Tracing.rd.xml"
"Message",Normal,"Embedded manifest in System.Runtime.Serialization.Primitives: System.Runtime.Serialization.Primitives.Resources.System.Runtime.Serialization.Primitives.rd.xml"
"Message",Normal,"Embedded manifest in System.Private.Reflection: System.Private.Reflection.rd.xml"
"Message",Normal,"Embedded manifest in System.Private.CoreLib: Resources.System.Private.CoreLib.rd.xml"
"Message",Normal,"Embedded manifest in System.Private.Uri: Resources.System.Private.Uri.rd.xml"
"Message",Normal,"Embedded manifest in System.Private.Reflection.Core: System.Private.Reflection.Core.rd.xml"
"Message",Normal,"Embedded manifest in System.Private.Interop: Resources.System.Private.Interop.rd.xml"
"Message",Normal,"Embedded manifest in System.Private.PortableThunks: Resources.System.Private.PortableThunks.rd.xml"
"Message",Normal,"Embedded manifest in System.Dynamic.Runtime: Resources.System.Dynamic.Runtime.rd.xml"
"Message",Normal,"Embedded manifest in System.Linq.Expressions: Resources.System.Linq.Expressions.rd.xml"
"Message",Normal,"Embedded manifest in System.Xml.ReaderWriter: System.Xml.Resources.System.Xml.ReaderWriter.rd.xml"
"Message",Normal,"Embedded manifest in System.Xml.XmlSerializer: System.Xml.XmlSerializer.Resources.System.Xml.XmlSerializer.rd.xml"
"Message",Normal,"Embedded manifest in System.Private.DataContractSerialization: System.Private.DataContractSerialization.Resources.System.Private.DataContractSerialization.rd.xml"
"Message",Normal,"Microsoft.ApplicationInsights"
"Message",Normal,"UnityEngine"
"Warning"," Resources.System.Linq.Expressions.rd.xml",35,0,"ILTransform_0027: Method 'CreateLambda' within 'System.Linq.Expressions.Expression' could not be found."
"Warning"," Resources.System.Linq.Expressions.rd.xml",91,0,"ILTransform_0027: Method 'ParameterIsAssignable' within 'System.Linq.Expressions.Expression' could not be found."
"Warning","C:\Program Files (x86)\MSBuild\Microsoft\.NetNative\x86\ilc\IlcInternals.targets",936,5,"ILTransform_0027: Invalid IL detected in method 'System.Int64 UnityEngine.Internal.$MethodUtility.$Invoke1740(System.Int64, System.Int64*)' at IL offset 0xB referring to invalid Windows Runtime method 'Windows.Foundation.HResult Windows.Foundation.IAsyncInfo.get_ErrorCode()'."
"Message",Normal,"Running 'Mcg' transform, heap at 288 MB."
"Message",High,"Computing application closure and generating interop code"
"Message",Normal,"  List of .lib files:"
"Message",Normal,"      WindowsApp.lib"
"Message",Normal,"  List of .lib search paths:"
"Message",Normal,"      C:\Program Files (x86)\Windows Kits\10\lib\10.0.14393.0\um\x86"
"Message",Normal,"  Loading exports from libs..."
"Message",Normal,"      2526 exports read from 'C:\Program Files (x86)\Windows Kits\10\lib\10.0.14393.0\um\x86\WindowsApp.lib'."
"Message",Normal,"  Loading 96 modules..."
"Error","C:\Program Files (x86)\MSBuild\Microsoft\.NetNative\x86\ilc\IlcInternals.targets",936,5,"MCG0037: MCG0037:InvalidCSharpIdentifierName Struct 'Windows.Kinect.JointOrientation' in assembly 'Assembly(Name=Assembly-CSharp-firstpass, Version=0.0.0.0, Culture=neutral, PublicKeyToken=null, Location=D:\UnityProjects\hololensdev\projectIR\App\KHL_TxRx\obj\x86\Master\ilc\intermediate\PreMergeILTransformed\Assembly-CSharp-firstpass.dll)' has a field with name '<JointType>k__BackingField' that is invalid. This could be because the name is obfuscated or the field is auto-implemented by the compiler. Please make sure the field name follows C# identifier conventions."
"Message",Low,"Die Ausführung der ILTransformTask-Aufgabe ist abgeschlossen -- FEHLER."
"Message",Low,"Die Erstellung des Ziels ""RunILTransforms"" im Projekt ""Unnamed_1"" ist abgeschlossen -- FEHLER."
"Message",Low,"Die Erstellung des Projekts ""Unnamed_1"" ist abgeschlossen -- FEHLER."
"Message",Low,"Fehler beim Buildvorgang."
